run,target,normyield,channel,sample_idx,begin,duration,eventCount,updateCount,integration,max,mean,min,rms,stdev
23839,LH2,N/A,hcL2_Fan_Freq_R,999,2025-07-16T05:51:00,3240,1508,1506,135592.6694,49,41.84960157,32,41.8986043,2.025806244
23840,LH2,N/A,hcL2_Fan_Freq_R,999,2025-07-16T06:46:00,2100,961,959,86181.18851,49,41.03873783,31,41.10896931,2.401948102
23842,LH2,N/A,hcL2_Fan_Freq_R,999,2025-07-16T08:37:00,1920,870,868,72670.85955,43,37.84940067,28.5,37.88161075,1.561826542
23844,LH2,N/A,hcL2_Fan_Freq_R,999,2025-07-16T09:46:00,1860,847,845,73138.24513,46,39.32643054,18.5,39.39010805,2.238855415
23845,LH2,N/A,hcL2_Fan_Freq_R,0,2025-07-16T10:18:00,1800,834,833,70398.41995,46.5,39.1102,30,39.1716,2.19238
23846,LH2,N/A,hcL2_Fan_Freq_R,999,2025-07-16T10:49:00,1920,866,864,71064.43441,44,37.01289778,29,37.06446314,1.954437552
23847,LH2,N/A,hcL2_Fan_Freq_R,0,2025-07-16T11:22:00,1800,811,810,68827.08066,43.5,38.2373,30.5,38.2736,1.66793
23848,LH2,N/A,hcL2_Fan_Freq_R,999,2025-07-16T11:53:00,1860,851,849,75056.35699,47,40.36789007,32.5,40.41640485,1.97970504
23849,LH2,N/A,hcL2_Fan_Freq_R,999,2025-07-16T13:27:00,1980,887,885,77828.90962,45.5,39.32345378,31,39.36677429,1.846320812
23850,LH2,N/A,hcL2_Fan_Freq_R,0,2025-07-16T14:01:00,1800,833,832,74458.40846,49,41.3658,32.5,41.4133,1.98229
23851,LH2,N/A,hcL2_Fan_Freq_R,0,2025-07-16T14:33:00,1800,825,824,73330.8504,46.5,40.7394,36.5,40.7733,1.66385
23856,LH2,N/A,hcL2_Fan_Freq_R,0,2025-07-16T16:46:00,1740,784,783,64156.64659,42,36.8716,28.014,36.9109,1.70221
23859,LH2,N/A,hcL2_Fan_Freq_R,999,2025-07-16T18:49:00,1860,846,844,66767.91603,42.5,35.93046142,26,36.01595356,2.480091296
23860,LH2,N/A,hcL2_Fan_Freq_R,999,2025-07-16T19:38:00,1980,913,911,81878.23505,49,41.35361674,34.5,41.40503492,2.062837695
23861,LH2,nan,hcL2_Fan_Freq_R,999,2025-07-17T00:08:00,2160,991,989,85955.29292,47.5,39.79415855,31.5,39.84692698,2.050008583
23867,LH2,14.719,hcL2_Fan_Freq_R,999,2025-07-17T05:40:00,1860,853,851,71552.75841,44.5,38.46925237,30.5,38.50514604,1.662195562
23868,LH2,14.1063,hcL2_Fan_Freq_R,999,2025-07-17T06:12:00,1980,931,929,80882.05498,47,40.85103798,29.5,40.92430222,2.447694588
23876,LH2,22.4394,hcL2_Fan_Freq_R,999,2025-07-17T22:59:00,2520,1163,1161,96595.85103,46.5,38.4128238,30.5,38.51470683,2.799573156
23880,LH2,27.4554,hcL2_Fan_Freq_R,999,2025-07-18T01:31:00,1860,842,840,70840.54514,48.5,38.45724038,26,38.70772969,4.396475891
23881,LH2,22.0067,hcL2_Fan_Freq_R,0,2025-07-18T02:06:00,1800,835,834,76293.50373,49.5,42.3853,34.5,42.433,2.01158
23882,LH2,23.256,hcL2_Fan_Freq_R,999,2025-07-18T02:38:00,1920,890,888,76012.16428,48,39.72442859,28,39.87004921,3.404496559
23883,LH2,21.7142,hcL2_Fan_Freq_R,0,2025-07-18T03:12:00,1800,816,815,68708.09077,47,38.1712,28.5,38.2195,1.92122
23884,LH2,22.2802,hcL2_Fan_Freq_R,0,2025-07-18T03:43:00,1800,816,815,65675.25546,43,36.4863,28.5,36.533,1.84803
23885,LH2,24.4024,hcL2_Fan_Freq_R,0,2025-07-18T04:16:00,1800,825,824,67118.18503,46.5,37.2879,28,37.418,3.11753
23892,LH2,21.1665,hcL2_Fan_Freq_R,999,2025-07-18T08:58:00,2100,982,980,84691.1339,47,40.34727449,32.5,40.4098667,2.248281084
23893,LH2,19.7857,hcL2_Fan_Freq_R,999,2025-07-18T09:33:00,2040,954,952,85458.82891,48,41.89599346,33.5,41.94480615,2.022991688
23894,LH2,20.5345,hcL2_Fan_Freq_R,999,2025-07-18T10:08:00,2040,957,955,86825.95303,51,42.57383074,33,42.65359216,2.607270607
23895,LH2,21.9678,hcL2_Fan_Freq_R,999,2025-07-18T10:43:00,2400,1098,1096,90605.19559,44.5223,37.76317548,28.5,37.81571796,1.992762679
23896,LH2,24.4702,hcL2_Fan_Freq_R,999,2025-07-18T11:23:00,2340,1055,1053,88591.02746,44,37.86315784,29.5,37.89656635,1.590917929
23904,LH2,24.3707,hcL2_Fan_Freq_R,0,2025-07-18T16:45:00,1800,828,827,66959.97099,43.5,37.2,29.5,37.2391,1.70695
23905,LH2,23.399,hcL2_Fan_Freq_R,999,2025-07-18T17:16:00,1860,859,857,70109.86611,45,37.693502,28.5,37.73378431,1.743096339
23906,LH2,22.2577,hcL2_Fan_Freq_R,0,2025-07-18T17:47:00,1800,831,830,68998.44248,45.0225,38.3325,28.5,38.3836,1.98038
23907,LH2,20.8446,hcL2_Fan_Freq_R,999,2025-07-18T18:17:00,1860,845,843,73425.05302,46.5,39.47934887,28,39.58899953,2.944468819
23908,LH2,20.5608,hcL2_Fan_Freq_R,999,2025-07-18T18:49:00,1920,878,876,72470.51126,46.5,37.78526052,28,37.88155812,2.699357904
23909,LH2,N/A,hcL2_Fan_Freq_R,0,2025-07-18T19:25:00,1800,831,830,72784.86854,48,40.436,31.5,40.4949,2.18348
23911,LH2,N/A,hcL2_Fan_Freq_R,0,2025-07-18T20:04:00,1440,654,653,56684.35162,47.5,39.3641,28.5,39.4605,2.7555
23912,LH2,N/A,hcL2_Fan_Freq_R,0,2025-07-18T20:34:00,1440,660,659,52661.71393,44.5,36.5706,29.5,36.6374,2.21135
23942,LH2,25.7988,hcL2_Fan_Freq_R,0,2025-07-19T04:52:00,1800,831,830,65906.72695,46.5,36.6148,27,36.67,2.01017
23944,LH2,21.7435,hcL2_Fan_Freq_R,0,2025-07-19T05:39:00,1800,823,822,65208.79799,42.5,36.2271,28,36.2766,1.89423
23945,LH2,23.3481,hcL2_Fan_Freq_R,0,2025-07-19T06:10:00,1800,830,829,67014.16691,46.5,37.2301,28.5,37.2783,1.89484
23946,LH2,21.9179,hcL2_Fan_Freq_R,0,2025-07-19T06:41:00,1800,837,836,70517.58062,46.5,39.1764,32.5,39.2359,2.15892
23947,LH2,20.8395,hcL2_Fan_Freq_R,999,2025-07-19T07:12:00,1860,884,882,75080.78547,54.5,40.36600159,29.5,40.42925677,2.260689915
23950,LH2,21.4596,hcL2_Fan_Freq_R,999,2025-07-19T09:13:00,2100,953,951,78247.67682,46,37.32429826,30.5,37.40741491,2.492277953
23951,LH2,22.8014,hcL2_Fan_Freq_R,999,2025-07-19T09:49:00,2220,1029,1027,87209.63776,46.5,39.30844091,30.5,39.36894093,2.181738661
23952,LH2,22.6075,hcL2_Fan_Freq_R,999,2025-07-19T10:27:00,1860,847,845,67651.46524,44.5,36.37808825,26.5,36.43493874,2.034565448
23953,LH2,23.1013,hcL2_Fan_Freq_R,999,2025-07-19T10:58:00,1980,897,895,72170.04817,44.5,36.45180107,27,36.51133322,2.084143133
23954,LH2,22.9781,hcL2_Fan_Freq_R,999,2025-07-19T11:33:00,1920,880,878,70901.19625,44.5,36.9930071,28.5,37.08341169,2.58782693
23960,LH2,7.8644,hcL2_Fan_Freq_R,0,2025-07-19T15:26:00,1740,793,792,64550.09677,46.5,37.0978,29,37.131,1.56972
23963,LH2,N/A,hcL2_Fan_Freq_R,0,2025-07-19T16:31:00,1800,807,806,68798.40125,43.5,38.2213,29.5,38.2533,1.56368
23977,LH2,16.5878,hcL2_Fan_Freq_R,0,2025-07-20T01:22:00,1800,843,842,76221.15806,48,42.3451,37,42.3874,1.89429
23979,LH2,17.845,hcL2_Fan_Freq_R,999,2025-07-20T01:59:00,1860,865,863,78850.66145,50.5,42.392897,36.5,42.43936377,1.985417201
23985,LH2,15.1413,hcL2_Fan_Freq_R,999,2025-07-20T07:01:00,1860,845,843,66816.46083,42,35.9322126,31,35.96924258,1.631719665
23986,LH2,15.512,hcL2_Fan_Freq_R,999,2025-07-20T07:32:00,1920,888,886,77700.96606,47,40.48559358,31,40.55140915,2.309436358
23987,LH2,15.8703,hcL2_Fan_Freq_R,999,2025-07-20T08:06:00,1980,914,912,76402.81892,45.5,38.6095032,27.5,38.66259953,2.025552913
23988,LH2,15.02,hcL2_Fan_Freq_R,999,2025-07-20T08:39:00,1860,858,856,74224.79082,46,39.93581881,28.5,39.99985392,2.26245216
23989,LH2,16.0703,hcL2_Fan_Freq_R,999,2025-07-20T09:37:00,1980,916,914,76337.41357,47.5,38.726041,23.5,38.87889717,3.444182606
23990,LH2,17.2298,hcL2_Fan_Freq_R,999,2025-07-20T10:12:00,1860,854,852,69719.57383,67.5,37.4837835,28.5,37.52768642,1.814723834
23991,LH2,19.2109,hcL2_Fan_Freq_R,999,2025-07-20T10:44:00,1860,853,851,70832.8921,44,38.08245776,29,38.12752822,1.853326458
24011,LH2,16.0993,hcL2_Fan_Freq_R,999,2025-07-20T21:22:00,1860,824,822,67604.73331,47.5,36.37140441,29,36.47152603,2.700583673
24012,LH2,15.1129,hcL2_Fan_Freq_R,999,2025-07-20T21:53:00,1860,868,866,75692.57499,49,40.75202467,35,40.82409679,2.424740041
24013,LH2,14.9924,hcL2_Fan_Freq_R,999,2025-07-20T22:24:00,1860,856,854,68492.46121,43.5,36.87378154,31,36.93391725,2.106769789
24014,LH2,14.7384,hcL2_Fan_Freq_R,999,2025-07-20T22:55:00,1920,862,860,64424.75727,39.5,33.55497184,16.5,33.58999918,1.533593848
24015,LH2,15.7449,hcL2_Fan_Freq_R,999,2025-07-20T23:28:00,1920,861,859,69569.30563,42,36.23411721,27.5,36.27994149,1.822883458
24016,LH2,15.6546,hcL2_Fan_Freq_R,999,2025-07-21T00:02:00,2100,942,940,81160.27555,48.5,38.76069221,28,38.87137328,2.931279531
24017,LH2,N/A,hcL2_Fan_Freq_R,999,2025-07-21T00:43:00,1860,861,859,74643.80888,47.5,40.14451315,31.5,40.19884797,2.089364107
24018,LH2,N/A,hcL2_Fan_Freq_R,999,2025-07-21T01:18:00,1860,856,854,67991.21921,45.5,36.58464141,28.5,36.63886172,1.992536398
24054,LH2,15.7071,hcL2_Fan_Freq_R,0,2025-07-21T23:22:00,1800,815,814,71120.2244,53.5,39.5112,27.5,39.6844,3.70346
24055,LH2,15.014,hcL2_Fan_Freq_R,999,2025-07-21T23:53:00,2100,976,974,85885.05546,51,40.91413327,32.5,40.98684798,2.440370138
24056,LH2,16.1246,hcL2_Fan_Freq_R,999,2025-07-22T00:28:00,1860,854,852,69411.20562,44,37.33557619,26,37.40408576,2.262826069
24057,LH2,15.6435,hcL2_Fan_Freq_R,999,2025-07-22T01:06:00,1860,841,839,70689.84598,46.5,38.0665177,26.5,38.1687654,2.791931671
24058,LH2,15.5681,hcL2_Fan_Freq_R,0,2025-07-22T01:38:00,1800,830,829,65973.91187,48.5,36.6522,24.5,36.8094,3.39871
24059,LH2,15.6543,hcL2_Fan_Freq_R,999,2025-07-22T02:09:00,1860,857,855,71217.92273,46.5,38.30958259,29,38.37013921,2.154869933
24081,LH2,15.7699,hcL2_Fan_Freq_R,999,2025-07-22T18:54:00,1860,852,850,65409.0645,41,35.16623066,25.5,35.21984291,1.942564295
24082,LH2,15.9294,hcL2_Fan_Freq_R,0,2025-07-22T19:26:00,1800,838,837,71994.10169,47,39.9967,31,40.0842,2.64656
24089,LH2,19.6103,hcL2_Fan_Freq_R,0,2025-07-22T23:31:00,1560,729,728,53058.8772,39.0195,34.0121,25.5,34.0604,1.81365
24091,LH2,23.7402,hcL2_Fan_Freq_R,0,2025-07-23T00:01:00,1800,803,802,60519.80732,38.5,33.6221,25.5,33.6697,1.78949
24092,LH2,18.2862,hcL2_Fan_Freq_R,999,2025-07-23T00:35:00,1980,908,906,68339.97096,41,34.54008821,28.5,34.60282005,2.082657482
24093,LH2,19.9958,hcL2_Fan_Freq_R,999,2025-07-23T01:08:00,1860,866,864,69092.29767,44,37.14945881,29,37.21694163,2.240190709
24094,LH2,19.4977,hcL2_Fan_Freq_R,0,2025-07-23T01:39:00,1800,832,831,64509.28704,43.5,35.8385,24.5,35.9242,2.47946
24095,LH2,19.4161,hcL2_Fan_Freq_R,0,2025-07-23T02:10:00,1800,840,839,70143.31047,47,38.9685,31.5,39.0468,2.47088
24096,LH2,23.2325,hcL2_Fan_Freq_R,999,2025-07-23T02:42:00,2100,981,979,84644.21985,48.5,40.30798455,29,40.37127525,2.259700584
24130,LH2,18.2835,hcL2_Fan_Freq_R,999,2025-07-24T04:34:00,2160,996,994,75386.27334,40,34.90211457,25.5,34.94255517,1.680642813
24131,LH2,18.7015,hcL2_Fan_Freq_R,999,2025-07-24T05:10:00,1860,851,849,66120.05139,41,35.54895849,25.5,35.58483134,1.597426528
24132,LH2,18.7533,hcL2_Fan_Freq_R,999,2025-07-24T05:42:00,1860,837,835,67624.32592,42.5,36.36357689,28.5,36.3991616,1.609111961
24133,LH2,18.6777,hcL2_Fan_Freq_R,999,2025-07-24T06:17:00,2040,938,936,74173.53616,49.5,36.3596058,28,36.38899092,1.462096648
24134,LH2,20.1633,hcL2_Fan_Freq_R,999,2025-07-24T06:52:00,1920,866,864,72670.19596,44.5,37.86204668,28.5,37.91440919,1.991945064
24135,LH2,18.5172,hcL2_Fan_Freq_R,999,2025-07-24T07:25:00,1860,857,855,74873.68382,48,40.25478473,32.5,40.30174085,1.944896489
24150,LH2,19.8979,hcL2_Fan_Freq_R,999,2025-07-24T15:13:00,1920,864,862,75926.25629,47.5,39.54527261,31,39.58635473,1.803023727
24151,LH2,18.425,hcL2_Fan_Freq_R,999,2025-07-24T15:46:00,3900,1799,1795,151248.7113,44,38.78196457,22.5,38.82277157,1.779555173
24153,LH2,18.1122,hcL2_Fan_Freq_R,999,2025-07-24T16:25:00,3960,1784,1780,150342.834,43.5,37.97057432,28.5143,38.00598961,1.640344994
24155,LH2,19.3997,hcL2_Fan_Freq_R,999,2025-07-24T17:01:00,1860,862,860,73583.88642,47.5,39.56219087,33,39.60552948,1.852301055
24156,LH2,19.545,hcL2_Fan_Freq_R,999,2025-07-24T17:33:00,1860,839,837,76117.79182,47,40.94125763,30.5,40.99571827,2.112425227
24157,LH2,20.0575,hcL2_Fan_Freq_R,999,2025-07-24T18:04:00,1920,895,893,78837.96204,47,41.07004696,31.5,41.12360476,2.0981208
24178,LH2,17.7974,hcL2_Fan_Freq_R,999,2025-07-25T06:12:00,1860,830,828,69446.58233,42,37.34021495,30,37.36982417,1.487314832
24179,LH2,18.6885,hcL2_Fan_Freq_R,999,2025-07-25T06:43:00,1980,895,893,71051.52374,40.5203,35.88813932,28,35.91996314,1.511690598
24187,LH2,20.6077,hcL2_Fan_Freq_R,999,2025-07-25T10:03:00,1980,916,914,73925.21218,44.5,37.36088932,27.5,37.42522232,2.193448248
24188,LH2,20.3368,hcL2_Fan_Freq_R,999,2025-07-25T10:37:00,1920,911,909,77576.88625,49,40.42820367,27.5,40.5141148,2.63701472
24189,LH2,19.5467,hcL2_Fan_Freq_R,999,2025-07-25T11:09:00,2700,1243,1241,104119.8442,47,38.60307533,28.5,38.71552895,2.948687321
24190,LH2,19.3936,hcL2_Fan_Freq_R,999,2025-07-25T11:54:00,1860,875,873,74443.01501,47.5,40.02719258,32,40.10253205,2.457016733
24191,LH2,19.5963,hcL2_Fan_Freq_R,999,2025-07-25T12:25:00,2220,1045,1043,89365.98645,50,40.26417158,28,40.38208003,3.083646391
24192,LH2,19.9587,hcL2_Fan_Freq_R,999,2025-07-25T13:02:00,1860,838,836,62580.89453,39,33.64600217,24.5,33.67832114,1.475077298
24193,LH2,19.9193,hcL2_Fan_Freq_R,999,2025-07-25T13:33:00,2100,965,963,69226.93309,39,32.99076293,13,33.05649007,2.083529966
24194,LH2,19.4367,hcL2_Fan_Freq_R,999,2025-07-25T14:08:00,1920,855,853,64181.80496,39,33.4295799,24.5,33.47001319,1.644679372
24195,LH2,19.5651,hcL2_Fan_Freq_R,999,2025-07-25T14:40:00,2100,967,965,70438.11966,39,33.55241802,24,33.59985163,1.784733743
24196,LH2,19.2441,hcL2_Fan_Freq_R,999,2025-07-25T15:17:00,1980,903,901,63856.45662,39.5,32.25567369,26.5,32.30516218,1.787461418
24197,LH2,19.4471,hcL2_Fan_Freq_R,999,2025-07-25T15:51:00,1920,873,871,63781.38261,40,33.24418812,25,33.29805028,1.893174143
24222,LH2,32.7833,hcL2_Fan_Freq_R,999,2025-07-26T03:55:00,2400,1090,1088,76854.26494,36.5,32.02976861,25.5,32.0682301,1.570128847
24223,LH2,38.8208,hcL2_Fan_Freq_R,0,2025-07-26T04:36:00,1560,694,693,51323.00799,39,32.8994,18,32.9417,1.66884
24224,LH2,34.5632,hcL2_Fan_Freq_R,0,2025-07-26T05:02:00,1800,806,805,61093.13237,40,33.9406,26,33.9792,1.61797
24225,LH2,34.635,hcL2_Fan_Freq_R,0,2025-07-26T05:32:00,1680,765,764,58382.06955,40,34.7512,30.5,34.7872,1.5818
24226,LH2,34.6166,hcL2_Fan_Freq_R,999,2025-07-26T06:19:00,2400,1080,1078,85431.8003,41.5,35.60165268,27,35.64490524,1.755447456
24227,LH2,34.1158,hcL2_Fan_Freq_R,999,2025-07-26T06:59:00,2400,1086,1084,86622.90731,44,36.19492786,27,36.31073046,2.897644573
24228,LH2,33.5237,hcL2_Fan_Freq_R,999,2025-07-26T07:40:00,1980,885,883,63567.83492,37.5,32.10679118,22,32.15040215,1.674012693
24229,LH2,33.0426,hcL2_Fan_Freq_R,999,2025-07-26T08:14:00,1920,868,866,62204.88885,39,32.41759015,24,32.48875633,2.149217746
24230,LH2,36.5904,hcL2_Fan_Freq_R,999,2025-07-26T08:46:00,2040,934,932,70150.53078,44,34.38961368,24,34.57285224,3.554797187
24257,LH2,33.2087,hcL2_Fan_Freq_R,0,2025-07-26T22:43:00,1800,797,796,59692.0874,38.5,33.1623,22.5,33.2155,1.87917
24258,LH2,33.8399,hcL2_Fan_Freq_R,999,2025-07-26T23:13:00,1860,843,841,63114.22823,42.5,34.04886955,23.5,34.16111102,2.766945707
24259,LH2,34.1886,hcL2_Fan_Freq_R,999,2025-07-26T23:44:00,1860,849,847,67264.09335,44,36.20056709,25,36.28238619,2.435259811
24260,LH2,33.7729,hcL2_Fan_Freq_R,0,2025-07-27T00:15:00,1800,821,820,61481.813,42,34.1566,24,34.2769,2.86965
24261,LH2,34.5654,hcL2_Fan_Freq_R,0,2025-07-27T00:45:00,1800,816,815,65952.61377,50.5,36.6403,28.5,36.6887,1.88339
24262,LH2,33.3054,hcL2_Fan_Freq_R,999,2025-07-27T01:15:00,1860,853,851,68774.4562,44,36.97594165,29.5,37.01614118,1.724658454
24263,LH2,33.5002,hcL2_Fan_Freq_R,0,2025-07-27T01:47:00,1800,820,819,62758.74013,42.5,34.866,29.5,34.9535,2.47186
24264,LH2,35.7659,hcL2_Fan_Freq_R,0,2025-07-27T02:18:00,1800,826,825,59672.11579,39,33.1512,25.5,33.203,1.85391
24322,LH2,39.039,hcL2_Fan_Freq_R,999,2025-07-28T14:59:00,1920,857,855,60781.37937,37,31.66247978,21.5,31.69888471,1.518771162
24323,LH2,41.1562,hcL2_Fan_Freq_R,999,2025-07-28T15:32:00,1920,865,863,62357.19213,37.5,32.47790719,23,32.50630424,1.358440278
24324,LH2,38.3413,hcL2_Fan_Freq_R,999,2025-07-28T16:06:00,1860,861,859,59641.0967,36.5,32.06517116,27.5,32.10136919,1.524041425
24325,LH2,39.3132,hcL2_Fan_Freq_R,999,2025-07-28T16:38:00,1860,835,833,59046.51452,39.5,31.74580085,27.5,31.78101505,1.495675678
24326,LH2,37.0034,hcL2_Fan_Freq_R,999,2025-07-28T17:09:00,1860,829,827,59821.37018,37.5,32.16417224,23,32.19552786,1.420576655
24327,LH2,38.2323,hcL2_Fan_Freq_R,0,2025-07-28T17:41:00,1800,816,815,65184.28218,43.5,36.2135,28.5,36.2928,2.39731
24328,LH2,36.3061,hcL2_Fan_Freq_R,0,2025-07-28T18:12:00,1800,830,829,67569.09645,43,37.5384,31.5,37.5812,1.79395
24329,LH2,37.361,hcL2_Fan_Freq_R,0,2025-07-28T18:43:00,1800,836,835,66322.12116,44.5,36.8456,26.5,36.8971,1.94864
24330,LH2,38.6089,hcL2_Fan_Freq_R,999,2025-07-28T19:13:00,1860,834,832,65039.00731,42.021,34.97177895,24.5,35.02724357,1.970398263
24331,LH2,40.4695,hcL2_Fan_Freq_R,0,2025-07-28T19:45:00,1800,797,796,57687.88195,37.5,32.0488,19,32.1104,1.98719
24332,LH2,38.1816,hcL2_Fan_Freq_R,0,2025-07-28T20:16:00,1800,815,814,58834.03309,39.0195,32.6856,26.5,32.7337,1.77391
24385,LH2,39.9623,hcL2_Fan_Freq_R,0,2025-07-30T00:22:00,1800,839,838,63695.05688,42.5,35.3861,24.5,35.4645,2.35548
24386,LH2,38.2037,hcL2_Fan_Freq_R,999,2025-07-30T01:02:00,2160,953,951,70629.4011,38,32.70625101,25,32.76761657,2.004455238
24387,LH2,36.5613,hcL2_Fan_Freq_R,999,2025-07-30T01:39:00,2100,986,984,65474.17088,37.5,31.25420698,23,31.35905043,2.562145631
24388,LH2,36.3466,hcL2_Fan_Freq_R,999,2025-07-30T02:56:00,2160,958,956,71728.52948,39,33.21629696,24,33.2554416,1.613075313
24389,LH2,39.9411,hcL2_Fan_Freq_R,999,2025-07-30T03:35:00,1980,893,891,72073.22796,42.5,36.40601821,30.5,36.46914765,2.144893585
24390,LH2,38.1334,hcL2_Fan_Freq_R,999,2025-07-30T04:08:00,1920,865,863,64345.55475,40.5,33.51429591,24.5,33.56416914,1.82904878
24396,LH2,38.0738,hcL2_Fan_Freq_R,0,2025-07-30T21:43:00,1740,812,811,62146.45057,44,35.7164,26.5,35.7601,1.76742
24397,LH2,37.9094,hcL2_Fan_Freq_R,0,2025-07-30T22:12:00,1800,818,817,65529.9499,47.5,36.4055,27,36.5429,3.16604
24398,LH2,40.0847,hcL2_Fan_Freq_R,0,2025-07-30T22:43:00,1800,849,848,70441.535,48,39.1342,31,39.2221,2.62515
24399,LH2,40.0772,hcL2_Fan_Freq_R,999,2025-07-30T23:14:00,1860,843,841,67831.28078,44.5,36.48807341,13.5,36.55659328,2.237188283
24424,LH2,37.0827,hcL2_Fan_Freq_R,0,2025-07-31T17:53:00,1800,808,807,56351.79972,35,31.3066,8.5,31.3438,1.52673
24425,LH2,37.6857,hcL2_Fan_Freq_R,0,2025-07-31T18:24:00,1800,810,809,57753.82097,37,32.0855,24.5,32.1166,1.41405
24426,LH2,37.4191,hcL2_Fan_Freq_R,999,2025-07-31T18:55:00,1860,848,846,58884.83144,38,31.66675118,23,31.72068958,1.849058429
24427,LH2,39.3731,hcL2_Fan_Freq_R,0,2025-07-31T19:27:00,1800,826,825,64711.22695,42,35.9507,29,35.9968,1.82141
24442,LH2,37.801,hcL2_Fan_Freq_R,999,2025-08-01T04:38:00,1920,868,866,68259.14122,42.5,35.5639009,25.5,35.61747344,1.952784388
24443,LH2,43.5898,hcL2_Fan_Freq_R,999,2025-08-01T05:10:00,1860,825,823,61470.47793,38.5,33.05380264,26.5,33.08687271,1.478944557
24444,LH2,36.0243,hcL2_Fan_Freq_R,999,2025-08-01T05:42:00,1860,823,821,60948.46045,37.5,32.76934067,25.5128,32.80138321,1.44950073
24446,LH2,33.0667,hcL2_Fan_Freq_R,0,2025-08-01T06:33:00,1440,658,657,47509.07507,37.5,32.9924,24,33.0257,1.48319
24447,LH2,36.7331,hcL2_Fan_Freq_R,0,2025-08-01T10:37:00,1800,787,786,59151.88003,39,32.8622,27.5,32.9043,1.66425
24448,LH2,39.917,hcL2_Fan_Freq_R,0,2025-08-01T11:07:00,1620,711,710,51250.92528,63.5,31.6364,24,31.685,1.7555
24449,LH2,36.574,hcL2_Fan_Freq_R,999,2025-08-01T11:43:00,1920,857,855,60518.50329,35.5,31.52017617,22.5,31.54712255,1.303623973
24450,LH2,37.5891,hcL2_Fan_Freq_R,999,2025-08-01T12:15:00,1920,844,842,61033.60221,36,31.7884564,24.5,31.82018791,1.420703535
24451,LH2,37.8233,hcL2_Fan_Freq_R,999,2025-08-01T12:47:00,1860,818,816,58791.04003,37,31.60807524,22.5,31.63755289,1.365405647
24452,LH2,36.8999,hcL2_Fan_Freq_R,999,2025-08-01T13:18:00,1860,822,820,59319.31108,37.5,31.89286598,24.5,31.92249235,1.374997295
24453,LH2,39.1027,hcL2_Fan_Freq_R,999,2025-08-01T13:49:00,1860,823,821,58951.93142,36.018,31.69468998,23.5,31.72562843,1.400759145
24454,LH2,42.745,hcL2_Fan_Freq_R,999,2025-08-01T14:20:00,2100,932,930,66467.49164,36,31.65125472,23.5,31.67834342,1.309777196
24456,LH2,N/A,hcL2_Fan_Freq_R,0,2025-08-01T15:12:00,1800,798,797,56959.79617,36,31.6443,10,31.6832,1.56805
24508,LH2,35.9761,hcL2_Fan_Freq_R,0,2025-08-02T15:12:00,1500,690,689,49303.19353,38.5,32.8688,24.5,32.9062,1.56879
24509,LH2,34.221,hcL2_Fan_Freq_R,999,2025-08-02T17:54:00,2160,949,947,63580.78771,35,29.43558429,20.5,29.46532865,1.323620028
24510,LH2,35.2133,hcL2_Fan_Freq_R,0,2025-08-02T18:31:00,1800,787,786,53060.412,33.5168,29.478,22,29.5259,1.68072
24511,LH2,36.8901,hcL2_Fan_Freq_R,999,2025-08-02T19:01:00,1860,826,824,56965.42381,35.5,30.62766097,21,30.66458397,1.504358176
24512,LH2,39.4155,hcL2_Fan_Freq_R,999,2025-08-02T19:33:00,1920,862,860,61721.33854,44,32.1466453,24,32.18278612,1.52476833
24544,LH2,N/A,hcL2_Fan_Freq_R,0,2025-08-03T15:17:00,1500,688,687,54887.05616,43.5,36.5914,31.5,36.6376,1.83996
24554,LH2,0.466923,hcL2_Fan_Freq_R,0,2025-08-03T19:19:00,1680,749,748,50982.65845,35,30.3468,21,30.3863,1.54921
24559,LH2,1.40162,hcL2_Fan_Freq_R,999,2025-08-03T22:21:00,2460,1088,1086,77282.73421,36.5,31.41604181,22.5,31.44647506,1.383152517
24566,LH2,0.701861,hcL2_Fan_Freq_R,999,2025-08-04T03:28:00,3120,1400,1398,88832.14647,33.5,28.47261885,20,28.50198311,1.293451623
24574,LH2,0.197533,hcL2_Fan_Freq_R,0,2025-08-04T11:57:00,1380,622,621,46055.66586,38,33.3737,25,33.4019,1.37374
24575,LH2,N/A,hcL2_Fan_Freq_R,0,2025-08-04T12:21:00,1620,695,694,52789.7728,38.5,32.5863,23,32.6364,1.80844
24584,LH2,0.316163,hcL2_Fan_Freq_R,0,2025-08-04T16:48:00,1800,817,816,61041.87234,39,33.9122,24.5,33.9502,1.60597
24593,LH2,0.420369,hcL2_Fan_Freq_R,999,2025-08-05T03:06:00,2700,1218,1216,81434.8947,35,30.16110708,22,30.19214109,1.368577237
24594,LH2,0.305681,hcL2_Fan_Freq_R,999,2025-08-05T03:51:00,2460,1094,1092,78244.13577,37,31.8338036,11,31.88739254,1.8479045
24598,LH2,0.799691,hcL2_Fan_Freq_R,999,2025-08-05T07:13:00,3120,1376,1374,107190.2619,40.5,34.37303825,24.5,34.41670976,1.733249067
24599,LH2,0.466943,hcL2_Fan_Freq_R,999,2025-08-05T08:05:00,3060,1359,1357,103662.6816,47.5,33.87696038,23.5,33.91351821,1.574253199
24603,LH2,0.673288,hcL2_Fan_Freq_R,999,2025-08-05T12:47:00,2520,1124,1122,83821.94859,39.5,33.29158478,24.5,33.3400133,1.796348922
24609,LH2,0.795466,hcL2_Fan_Freq_R,999,2025-08-05T18:03:00,3060,1379,1377,95201.39409,36,31.11515583,23.5,31.14726812,1.413997624
24627,LH2,27.0327,hcL2_Fan_Freq_R,0,2025-08-07T02:53:00,1800,812,811,63858.2623,40.5,35.4768,26,35.5172,1.69381
24628,LH2,29.9472,hcL2_Fan_Freq_R,0,2025-08-07T03:24:00,1800,816,815,64994.3637,41.5,36.108,28.5,36.147,1.67972
24629,LH2,27.4948,hcL2_Fan_Freq_R,999,2025-08-07T03:55:00,1980,909,907,71606.82717,43,36.16515469,21,36.20577147,1.714489431
24630,LH2,28.1003,hcL2_Fan_Freq_R,999,2025-08-07T04:28:00,1860,859,857,66750.52998,41.5,35.88881704,28,35.92849923,1.688155271
24631,LH2,27.6529,hcL2_Fan_Freq_R,999,2025-08-07T05:00:00,1860,841,839,63900.24838,40,34.35552264,27,34.40130695,1.774256033
24632,LH2,27.3775,hcL2_Fan_Freq_R,0,2025-08-07T05:31:00,1800,790,789,59200.31877,37.5,32.8891,24.5,32.9159,1.32883
24634,LH2,27.6574,hcL2_Fan_Freq_R,999,2025-08-07T06:48:00,1920,871,869,64057.14738,38,33.37048278,25.5,33.4025628,1.463584711
24635,LH2,27.8195,hcL2_Fan_Freq_R,999,2025-08-07T07:21:00,1860,832,830,61725.3429,42,33.18672233,25.5,33.21605237,1.395562832
24636,LH2,28.9047,hcL2_Fan_Freq_R,999,2025-08-07T07:53:00,2640,1162,1160,88361.51462,38,33.47030323,8.5,33.50111258,1.436435164
24674,LH2,27.9951,hcL2_Fan_Freq_R,999,2025-08-08T14:35:00,3060,1355,1353,102606.4409,39,33.53173508,24.5,33.55747295,1.314052252
24675,LH2,27.4003,hcL2_Fan_Freq_R,999,2025-08-08T15:28:00,2040,882,880,68519.55373,38.5,33.58800481,25.5,33.6111756,1.247821314
24676,LH2,28.2855,hcL2_Fan_Freq_R,0,2025-08-08T16:02:00,1800,794,793,60490.578,38,33.6059,27.0135,33.6257,1.15366
24677,LH2,26.8391,hcL2_Fan_Freq_R,999,2025-08-08T16:32:00,1860,828,826,62342.72817,37.5,33.51764775,24.5,33.54111952,1.254586879
24678,LH2,27.4825,hcL2_Fan_Freq_R,0,2025-08-08T17:04:00,1740,764,763,58356.16455,39.5,33.538,25,33.561,1.24138
24679,LH2,29.0732,hcL2_Fan_Freq_R,0,2025-08-08T17:34:00,1800,791,790,60211.22612,43.5,33.4507,25,33.4766,1.31663
24680,LH2,27.4716,hcL2_Fan_Freq_R,999,2025-08-08T18:05:00,2400,1084,1082,80171.15337,38,33.40465495,24,33.43183452,1.347808101
24681,LH2,28.7888,hcL2_Fan_Freq_R,0,2025-08-08T18:48:00,1800,810,809,60540.25536,45.5,33.6335,25,33.6615,1.37446
24682,LH2,27.2376,hcL2_Fan_Freq_R,999,2025-08-08T19:20:00,1860,809,807,62476.21318,41.5,33.58941845,26,33.61388527,1.282283683
24690,LH2,13.7397,hcL2_Fan_Freq_R,999,2025-08-09T03:18:00,1920,876,874,62850.99935,65,32.73535091,23,32.78176314,1.743787703
24691,LH2,14.229,hcL2_Fan_Freq_R,999,2025-08-09T03:50:00,1920,867,865,62601.09221,37.5,32.60470057,23,32.63728418,1.458019196
24692,LH2,13.9387,hcL2_Fan_Freq_R,999,2025-08-09T04:22:00,1860,842,840,60646.74383,37.5,32.60606991,25.5,32.63405654,1.351240864
24693,LH2,13.7868,hcL2_Fan_Freq_R,999,2025-08-09T04:53:00,1920,867,865,62767.77993,37.5,32.69161348,25.5,32.71681027,1.283776537
24694,LH2,13.8072,hcL2_Fan_Freq_R,999,2025-08-09T05:25:00,1860,836,834,61620.47665,40.5,33.12930883,25,33.15666925,1.346704235
24695,LH2,13.2704,hcL2_Fan_Freq_R,999,2025-08-09T05:56:00,1860,842,840,61768.24223,37,33.2088201,25.5,33.23379992,1.288303063
24697,LH2,13.1859,hcL2_Fan_Freq_R,999,2025-08-09T06:38:00,1860,843,841,62078.29211,37.5,33.37542937,25.5,33.40318774,1.361493903
24698,LH2,13.4043,hcL2_Fan_Freq_R,999,2025-08-09T07:09:00,1860,832,830,62445.23483,38.5,33.57314908,26,33.59717064,1.270250282
24699,LH2,11.1835,hcL2_Fan_Freq_R,999,2025-08-09T07:40:00,2160,962,960,73902.44706,38.5,34.21410657,27.5,34.23762911,1.268920474
24701,LH2,13.0484,hcL2_Fan_Freq_R,999,2025-08-09T08:58:00,2160,991,989,71840.39244,38,33.25970855,25.5,33.28645815,1.334197572
24702,LH2,14.069,hcL2_Fan_Freq_R,999,2025-08-09T09:35:00,2280,1008,1006,76096.13311,38.5,33.37550048,25,33.39888153,1.249502041
24703,LH2,14.3716,hcL2_Fan_Freq_R,999,2025-08-09T10:14:00,2700,1205,1203,89707.22822,37.5,33.22513529,25.5,33.2530798,1.362975162
24706,LH2,N/A,hcL2_Fan_Freq_R,0,2025-08-09T11:24:00,1320,576,575,43820.62367,38,33.1974,25,33.2246,1.34314
24713,LH2,13.8886,hcL2_Fan_Freq_R,999,2025-08-09T15:43:00,2220,991,989,73963.71201,40,33.31706654,25,33.34254815,1.303301228
24714,LH2,13.9493,hcL2_Fan_Freq_R,999,2025-08-09T16:20:00,2340,1050,1048,78117.50547,38,33.3835753,25.5,33.40690928,1.248393978
24717,LH2,13.5713,hcL2_Fan_Freq_R,999,2025-08-09T18:16:00,2100,954,952,69708.52212,38,33.19455176,24,33.2211126,1.328177462
24718,LH2,13.7441,hcL2_Fan_Freq_R,999,2025-08-09T18:51:00,2400,1075,1073,81071.42562,39,33.78318937,27,33.81219475,1.400224758
24719,LH2,12.3675,hcL2_Fan_Freq_R,999,2025-08-09T19:32:00,1860,825,823,63289.41519,38.5,34.02764181,25,34.05466127,1.356298913
24720,LH2,13.9298,hcL2_Fan_Freq_R,999,2025-08-09T20:05:00,2160,960,958,74515.42673,39.5,34.49790246,27.5,34.52291785,1.313994742
24721,LH2,14.2576,hcL2_Fan_Freq_R,999,2025-08-09T20:41:00,2100,939,937,70608.43814,38,33.62744129,26.5,33.65633881,1.394393988
24722,LH2,13.8136,hcL2_Fan_Freq_R,999,2025-08-09T21:16:00,2040,902,900,68097.06206,37.5,33.38096813,25.5,33.40742475,1.329283651
24723,LH2,13.2053,hcL2_Fan_Freq_R,999,2025-08-09T21:50:00,2040,893,891,69069.21673,39,33.86042097,25,33.88796313,1.365992938
24724,LH2,13.5602,hcL2_Fan_Freq_R,999,2025-08-09T22:27:00,2100,933,931,71172.5929,38.5,33.89170194,24.5,33.91534801,1.266242607
24725,LH2,14.5916,hcL2_Fan_Freq_R,999,2025-08-09T23:03:00,2280,1021,1019,76434.36084,38,33.52396689,22.011,33.55077271,1.340892597
24726,LH2,13.4767,hcL2_Fan_Freq_R,999,2025-08-09T23:41:00,1860,826,824,62665.65301,43,33.69128302,30.5,33.71520975,1.269967322
24727,LH2,13.0848,hcL2_Fan_Freq_R,999,2025-08-10T00:14:00,1860,834,832,62289.34786,37,33.48892996,24.5,33.51321277,1.27553911
24728,LH2,14.6818,hcL2_Fan_Freq_R,999,2025-08-10T00:48:00,1860,833,831,62269.88281,46,33.47840794,26,33.50669886,1.376615398
24729,LH2,15.5026,hcL2_Fan_Freq_R,999,2025-08-10T01:21:00,1860,828,826,61919.6839,38.5,33.29040334,25,33.3171669,1.335161523
24734,LH2,6.68788,hcL2_Fan_Freq_R,999,2025-08-10T04:37:00,1860,838,836,61168.60382,42.5,32.88638551,23.5,32.91917206,1.468855727
24736,LH2,6.93362,hcL2_Fan_Freq_R,999,2025-08-10T05:12:00,1860,829,827,59996.14591,37,32.26028796,24.5,32.29072821,1.401766363
24738,LH2,6.70118,hcL2_Fan_Freq_R,999,2025-08-10T09:32:00,2160,955,953,71246.40762,37.5,32.98458664,24,33.01160916,1.335433801
24739,LH2,7.12863,hcL2_Fan_Freq_R,999,2025-08-10T10:09:00,2160,969,967,72019.79719,38,33.34251503,25.5,33.36508638,1.227061665
24740,LH2,6.95462,hcL2_Fan_Freq_R,999,2025-08-10T10:46:00,1920,856,854,63885.87104,37,33.27446651,25,33.29870436,1.270271773
24741,LH2,6.9837,hcL2_Fan_Freq_R,999,2025-08-10T11:18:00,1920,863,861,63689.24256,37.5,33.17152345,23.5,33.203037,1.44627053
24742,LH2,6.9997,hcL2_Fan_Freq_R,999,2025-08-10T11:50:00,3000,1305,1303,101686.077,38.5,33.89913272,27.5,33.92999312,1.446801298
24743,LH2,7.14591,hcL2_Fan_Freq_R,999,2025-08-10T12:41:00,2220,999,997,73036.55231,38.5,32.89965295,23.5,32.92753447,1.354755232
24744,LH2,7.6566,hcL2_Fan_Freq_R,999,2025-08-10T13:20:00,2580,1136,1134,84997.40753,38.5,32.9447266,26,32.96925696,1.271571247
24745,LH2,6.94587,hcL2_Fan_Freq_R,999,2025-08-10T16:40:00,2160,958,956,72380.04547,38,33.50925059,26,33.53633523,1.347555384
24746,LH2,7.05126,hcL2_Fan_Freq_R,999,2025-08-10T17:51:00,1920,829,827,63921.0798,40.5,33.29230244,24.5,33.31922693,1.339209151
24747,LH2,6.87244,hcL2_Fan_Freq_R,999,2025-08-10T18:24:00,2040,898,896,69376.19331,38.5,34.01119396,26.5,34.03873686,1.369048133
24748,LH2,6.39463,hcL2_Fan_Freq_R,999,2025-08-10T19:00:00,2160,952,950,73112.8813,41.5,33.84865616,25.5,33.87913234,1.436692101
24766,LH2,6.97039,hcL2_Fan_Freq_R,999,2025-08-11T03:25:00,2040,899,897,68566.10817,37.5,33.61094444,9.5,33.64489927,1.511178609
24767,LH2,7.38435,hcL2_Fan_Freq_R,999,2025-08-11T04:06:00,1920,857,855,64995.91626,38,33.85254733,25,33.87948951,1.350869634
24768,LH2,6.79208,hcL2_Fan_Freq_R,999,2025-08-11T04:40:00,2040,896,894,69562.11651,39,34.0991095,27,34.12400913,1.303353703
24770,LH2,7.26061,hcL2_Fan_Freq_R,999,2025-08-11T06:47:00,2940,1307,1305,100338.1633,39,34.12962953,25,34.15692455,1.36524085
24772,LH2,6.5647,hcL2_Fan_Freq_R,999,2025-08-11T08:24:00,1860,825,823,61316.21967,38.5,32.96693061,24.5,32.99479982,1.355839801
24773,LH2,6.60699,hcL2_Fan_Freq_R,0,2025-08-11T08:58:00,1800,811,810,58945.77162,36.5,32.7477,24.5,32.7727,1.28123
24774,LH2,7.09436,hcL2_Fan_Freq_R,999,2025-08-11T09:30:00,1860,843,841,61099.42759,37,32.8491736,23,32.87598286,1.327419715
24779,LH2,14.8188,hcL2_Fan_Freq_R,999,2025-08-11T13:11:00,2100,934,932,70904.10755,38.5,33.76941971,24.5,33.80150321,1.472382936
24780,LH2,16.3163,hcL2_Fan_Freq_R,999,2025-08-11T13:47:00,1980,873,871,67013.92491,38.019,33.84548713,29.5,33.86647898,1.192224449
24781,LH2,14.9058,hcL2_Fan_Freq_R,999,2025-08-11T14:21:00,1860,821,819,63364.87152,38.5,34.06715735,24,34.09228532,1.308704946
24782,LH2,14.9632,hcL2_Fan_Freq_R,999,2025-08-11T14:52:00,2400,1069,1067,82962.12578,41,34.56777127,25.5,34.5962594,1.403692976
24783,LH2,15.29,hcL2_Fan_Freq_R,999,2025-08-11T15:33:00,1860,833,831,64312.50764,39,34.5770404,21,34.60362463,1.356139664
24784,LH2,15.0594,hcL2_Fan_Freq_R,0,2025-08-11T16:06:00,1800,778,777,61880.48036,38,34.378,25,34.4072,1.41726
24785,LH2,14.8398,hcL2_Fan_Freq_R,999,2025-08-11T16:37:00,2040,925,923,70160.34572,39,34.39268317,26.5,34.4152978,1.247424205
24786,LH2,14.6822,hcL2_Fan_Freq_R,999,2025-08-11T17:13:00,2040,898,896,69404.43713,41.5,34.02210643,27,34.04581111,1.270247243
24787,LH2,14.8388,hcL2_Fan_Freq_R,999,2025-08-11T17:47:00,1860,824,822,62984.39488,39,33.86260732,28.5,33.88403124,1.204739898
24788,LH2,14.9103,hcL2_Fan_Freq_R,999,2025-08-11T18:19:00,1980,866,864,67133.17862,38,33.90571838,30.5,33.92780722,1.22407672
24789,LH2,15.2976,hcL2_Fan_Freq_R,999,2025-08-11T18:53:00,1860,844,842,62877.91896,38.5,33.80549481,24.5,33.82830191,1.241986624
24790,LH2,15.3033,hcL2_Fan_Freq_R,999,2025-08-11T19:27:00,1860,812,810,62530.76025,37.5,33.61870215,24,33.64261487,1.268227531
24791,LH2,15.6532,hcL2_Fan_Freq_R,999,2025-08-11T20:00:00,1860,825,823,63047.36999,37.5,33.89761685,26,33.91896182,1.203138747
24803,LH2,14.8294,hcL2_Fan_Freq_R,999,2025-08-12T01:29:00,1860,814,812,62649.49905,39,33.68279021,24,33.70934651,1.337791366
24804,LH2,14.5389,hcL2_Fan_Freq_R,999,2025-08-12T02:01:00,1860,821,819,62572.81105,38.5,33.64134358,24.5,33.66488275,1.258702606
24805,LH2,14.4026,hcL2_Fan_Freq_R,999,2025-08-12T02:33:00,1920,856,854,64071.71709,37.5,33.3707281,24.5,33.39492479,1.271026389
24806,LH2,14.4723,hcL2_Fan_Freq_R,0,2025-08-12T03:05:00,1800,803,802,59826.15258,37,33.2368,24,33.2657,1.38695
24807,LH2,15.1697,hcL2_Fan_Freq_R,999,2025-08-12T03:35:00,1860,825,823,61883.50405,38,33.2707014,23.5,33.29715098,1.326910601
24808,LH2,14.3519,hcL2_Fan_Freq_R,999,2025-08-12T04:06:00,1980,869,867,65911.84925,38,33.28885874,25,33.31266848,1.259271576
24809,LH2,14.8496,hcL2_Fan_Freq_R,999,2025-08-12T04:39:00,1860,832,830,62368.28343,38.5,33.53153305,24.5,33.5566079,1.297006252
24810,LH2,15.1026,hcL2_Fan_Freq_R,0,2025-08-12T05:10:00,1800,790,789,60167.88926,38,33.4266,27,33.4501,1.25223
24811,LH2,14.0306,hcL2_Fan_Freq_R,999,2025-08-12T05:40:00,1980,880,878,66304.81384,38,33.48760651,25.5,33.51225145,1.284993217
24812,LH2,14.5711,hcL2_Fan_Freq_R,999,2025-08-12T06:15:00,1980,880,878,66415.69294,67,33.54361202,26.5,33.58377838,1.642030237
24813,LH2,17.0833,hcL2_Fan_Freq_R,0,2025-08-12T06:49:00,1380,601,600,46415.90767,38,33.6347,25,33.6633,1.38812
24821,LH2,0.0945109,hcL2_Fan_Freq_R,999,2025-08-12T12:07:00,1920,840,838,64674.65288,39,33.68490608,23,33.71226286,1.357854907
24822,LH2,0.0894315,hcL2_Fan_Freq_R,999,2025-08-12T12:40:00,1860,836,834,63445.14299,41,34.11038804,27,34.13370294,1.261389842
24823,LH2,0.218881,hcL2_Fan_Freq_R,999,2025-08-12T13:11:00,2100,938,936,69992.04259,38.5,33.32991493,26,33.35325788,1.247630579
24829,LH2,0.0282034,hcL2_Fan_Freq_R,999,2025-08-12T17:38:00,1860,826,824,63951.53614,38.5,34.38255208,25,34.40943789,1.359973643
24830,LH2,0.106338,hcL2_Fan_Freq_R,999,2025-08-12T18:10:00,1860,828,826,62776.2873,39,33.75072458,25.5128,33.77429382,1.261552032
24831,LH2,0.111652,hcL2_Fan_Freq_R,999,2025-08-12T18:42:00,1860,830,828,62134.33485,37,33.40598921,24.5,33.43259509,1.333528783
24832,LH2,0.227252,hcL2_Fan_Freq_R,0,2025-08-12T19:15:00,1800,787,786,59907.99385,39.5,33.2822,29,33.3067,1.27673
24861,LH2,0.193043,hcL2_Fan_Freq_R,0,2025-08-13T20:51:00,1620,726,725,54060.03603,40.5,33.3704,27,33.3956,1.29756
24862,LH2,0.412365,hcL2_Fan_Freq_R,999,2025-08-13T21:19:00,1860,843,841,61841.36071,37.5,33.24818065,24.5,33.27646929,1.371820504
24863,LH2,0.404093,hcL2_Fan_Freq_R,999,2025-08-13T21:50:00,2220,976,974,73756.12967,37.5,33.22351134,9.5,33.25783556,1.510602517
24864,LH2,0.458228,hcL2_Fan_Freq_R,999,2025-08-13T22:27:00,2280,1004,1002,76258.55509,38,33.44834621,24.5,33.47654761,1.373817847
24865,LH2,0.322887,hcL2_Fan_Freq_R,0,2025-08-13T23:37:00,1800,792,791,60102.58972,37.5,33.3903,25.5,33.416,1.30955
24866,LH2,0.503825,hcL2_Fan_Freq_R,999,2025-08-14T00:09:00,1860,812,810,62102.99466,38.5,33.39004337,25,33.41598871,1.316550398
24867,LH2,0.636878,hcL2_Fan_Freq_R,999,2025-08-14T00:41:00,1860,834,832,63412.37755,38.5193,34.09272646,26,34.11788578,1.310012515
24868,LH2,0.604698,hcL2_Fan_Freq_R,0,2025-08-14T01:25:00,1800,805,804,62135.98387,40,34.52,27.5,34.5456,1.33001
24886,LH2,N/A,hcL2_Fan_Freq_R,999,2025-08-14T21:42:00,1920,855,853,64668.65807,39,33.68337497,27.5,33.70835295,1.297424243
24887,LH2,N/A,hcL2_Fan_Freq_R,999,2025-08-14T22:14:00,1860,830,828,63095.29259,39,33.92223392,24,33.9504682,1.384318132
24888,LH2,N/A,hcL2_Fan_Freq_R,0,2025-08-14T22:47:00,1800,797,796,59991.87656,37.5,33.3288,25,33.354,1.29541
24889,LH2,N/A,hcL2_Fan_Freq_R,999,2025-08-14T23:18:00,1920,867,865,66034.64903,40,34.39322176,26,34.41925137,1.338342946
24890,LH2,N/A,hcL2_Fan_Freq_R,999,2025-08-14T23:52:00,1980,884,882,66994.59513,48,33.83570426,24,33.86811558,1.481340678
24913,LH2,N/A,hcL2_Fan_Freq_R,999,2025-08-15T16:48:00,2100,939,937,69964.60052,37.5,33.3164633,25.5,33.33915948,1.229970757
24914,LH2,N/A,hcL2_Fan_Freq_R,0,2025-08-15T17:24:00,1380,608,607,45871.43521,37.5,33.2402,29,33.2612,1.18371
24915,LH2,N/A,hcL2_Fan_Freq_R,0,2025-08-15T17:50:00,1620,708,707,53445.56604,38,32.9911,23.5,33.0169,1.30619
24916,LH2,N/A,hcL2_Fan_Freq_R,999,2025-08-15T18:18:00,2580,1123,1121,87348.89753,46.5,33.85634063,10.5,33.89473243,1.612788165
24920,LH2,N/A,hcL2_Fan_Freq_R,999,2025-08-15T21:34:00,2100,956,954,70360.54651,38.5,33.50516198,25.5,33.53406024,1.391875167
24921,LH2,N/A,hcL2_Fan_Freq_R,999,2025-08-15T22:11:00,1980,878,876,67483.33966,39.0195,34.0837619,25,34.10959357,1.327233195
24948,LH2,N/A,hcL2_Fan_Freq_R,999,2025-08-16T20:49:00,2640,1163,1161,88192.06316,38,33.40624375,24.5,33.43107061,1.288161859
24949,LH2,N/A,hcL2_Fan_Freq_R,999,2025-08-16T21:33:00,1980,866,864,66159.1319,37.5,33.41423983,11.5,33.44478685,1.429106025
24950,LH2,N/A,hcL2_Fan_Freq_R,999,2025-08-16T22:07:00,1980,891,889,66619.27037,38.5,33.64611601,25.5,33.66838903,1.224458043
24951,LH2,N/A,hcL2_Fan_Freq_R,999,2025-08-16T22:41:00,2580,1142,1140,86919.12465,38.5,33.69189797,24.5,33.7203018,1.383750371
24969,LH2,N/A,hcL2_Fan_Freq_R,999,2025-08-17T09:57:00,1860,822,820,62789.73429,44,33.76246614,28,33.78850166,1.326169244
24970,LH2,N/A,hcL2_Fan_Freq_R,999,2025-08-17T11:29:00,2100,933,931,69654.59235,37.5,33.16915006,24.5,33.1960583,1.336327421
24971,LH2,N/A,hcL2_Fan_Freq_R,999,2025-08-17T12:04:00,2040,909,907,67655.39093,37.5,33.16454437,23.5,33.18947016,1.286050573
24972,LH2,N/A,hcL2_Fan_Freq_R,999,2025-08-17T12:39:00,1860,823,821,62236.03504,38,33.4603665,25,33.48619265,1.314903703
24974,LH2,N/A,hcL2_Fan_Freq_R,999,2025-08-17T13:17:00,2040,903,901,68142.71024,41.5,33.40347165,26,33.42756991,1.269059252
24975,LH2,N/A,hcL2_Fan_Freq_R,999,2025-08-17T13:52:00,2400,1055,1053,80976.94217,38.5,33.74132001,25,33.76559844,1.28021949
25002,LH2,N/A,hcL2_Fan_Freq_R,999,2025-08-18T02:31:00,2100,930,928,69422.83123,37.5,33.05873635,24.012,33.08429055,1.300089384
25003,LH2,N/A,hcL2_Fan_Freq_R,999,2025-08-18T03:06:00,1860,837,835,61621.44051,38.5,33.12980025,25.5,33.15600397,1.317928144
25016,LH2,N/A,hcL2_Fan_Freq_R,0,2025-08-18T22:19:00,1680,744,743,56976.33496,38.5,33.9145,30,33.9384,1.27513
25017,LH2,N/A,hcL2_Fan_Freq_R,999,2025-08-18T22:56:00,2580,1117,1115,86234.38019,38,33.42422552,25,33.44738264,1.244408942
25018,LH2,N/A,hcL2_Fan_Freq_R,999,2025-08-18T23:40:00,1980,890,888,66183.05221,38,33.4257502,23,33.45299105,1.349753401
25019,LH2,N/A,hcL2_Fan_Freq_R,999,2025-08-19T00:17:00,1980,861,859,66741.05578,38,33.7102628,24,33.73376574,1.259020655
25020,LH2,N/A,hcL2_Fan_Freq_R,999,2025-08-19T00:51:00,2040,907,905,68904.25032,38.5,33.78132148,25,33.81190346,1.437753266
25049,LH2,N/A,hcL2_Fan_Freq_R,999,2025-08-20T01:04:00,1980,884,882,66243.87774,37.5,33.45663416,25,33.47915503,1.227783527
25050,LH2,N/A,hcL2_Fan_Freq_R,999,2025-08-20T01:37:00,2040,916,914,67723.77352,40.5,33.19795911,24,33.22184123,1.259462597
25051,LH2,N/A,hcL2_Fan_Freq_R,999,2025-08-20T02:11:00,2100,909,907,69342.04009,37,33.02000388,24.5,33.04606609,1.312184359
25052,LH2,N/A,hcL2_Fan_Freq_R,999,2025-08-20T02:48:00,1980,883,881,65243.16202,37,32.95105093,26.5,32.97355983,1.218150354
25053,LH2,N/A,hcL2_Fan_Freq_R,999,2025-08-20T03:22:00,1920,850,848,63879.38628,42.5,33.27103252,24,33.29748838,1.327074766
25069,LH2,N/A,hcL2_Fan_Freq_R,999,2025-08-20T22:02:00,2040,877,875,67892.31864,47.0235,33.28168019,24.5,33.30767817,1.315746466
25070,LH2,N/A,hcL2_Fan_Freq_R,999,2025-08-20T22:36:00,2040,916,914,67655.83197,38,33.16481536,29.5,33.1880446,1.241501885
25071,LH2,N/A,hcL2_Fan_Freq_R,999,2025-08-20T23:10:00,2100,920,918,69557.31665,38,33.12343747,24,33.14688519,1.246550429
25072,LH2,N/A,hcL2_Fan_Freq_R,0,2025-08-20T23:45:00,1740,761,760,57219.08891,37.5,32.8845,23.5,32.9107,1.31222
25073,LH2,N/A,hcL2_Fan_Freq_R,999,2025-08-21T00:16:00,2040,891,889,67219.62019,38.5,32.95118967,25,32.97620392,1.284182395
25083,LH2,N/A,hcL2_Fan_Freq_R,0,2025-08-21T05:30:00,1740,771,770,57459.87508,37.5,33.0229,24,33.0526,1.40155
25084,LH2,N/A,hcL2_Fan_Freq_R,999,2025-08-21T06:06:00,2580,1155,1153,86012.50144,38,33.33823593,24.5,33.3622921,1.266712064
25085,LH2,N/A,hcL2_Fan_Freq_R,0,2025-08-21T06:49:00,1560,707,706,51950.88207,37.5,33.3018,29,33.3268,1.28815
25086,LH2,N/A,hcL2_Fan_Freq_R,999,2025-08-21T13:30:00,2040,912,910,63815.42619,37.5,31.28366488,22,31.31915992,1.490667579
25087,LH2,N/A,hcL2_Fan_Freq_R,999,2025-08-21T14:06:00,1860,836,834,64729.50939,41.5,34.81213046,25,34.86269827,1.877046424
25088,LH2,N/A,hcL2_Fan_Freq_R,999,2025-08-21T14:37:00,1980,902,900,70769.81008,41,35.74235024,30,35.77258667,1.470495072
25114,LH2,N/A,hcL2_Fan_Freq_R,999,2025-08-22T03:22:00,2100,941,939,66383.83774,36.5,31.61322471,23,31.65334205,1.593137234
25115,LH2,N/A,hcL2_Fan_Freq_R,999,2025-08-22T03:57:00,1980,891,889,63394.29683,37,32.01798914,24.012,32.05665023,1.573910857
25116,LH2,N/A,hcL2_Fan_Freq_R,999,2025-08-22T04:31:00,2100,958,956,69018.74912,38.5,32.86941468,24.5,32.91366155,1.706075947
25117,LH2,N/A,hcL2_Fan_Freq_R,999,2025-08-22T05:07:00,2040,927,925,69596.28027,41,34.13177742,26,34.18674916,1.937933896
25119,LH2,N/A,hcL2_Fan_Freq_R,999,2025-08-22T06:03:00,2280,1033,1031,74872.19506,40.02,32.848002,21,32.92054998,2.18434789
25127,LH2,N/A,hcL2_Fan_Freq_R,0,2025-08-22T10:56:00,1800,805,804,61174.46648,40,33.9858,27,34.0332,1.79574
25128,LH2,N/A,hcL2_Fan_Freq_R,0,2025-08-22T11:26:00,1740,769,768,57047.2138,38,32.7858,23,32.8236,1.57635
25129,LH2,N/A,hcL2_Fan_Freq_R,0,2025-08-22T11:56:00,1800,816,815,57831.31008,40.5,32.1285,25,32.1663,1.55958
25131,LH2,N/A,hcL2_Fan_Freq_R,999,2025-08-22T12:33:00,1860,817,815,60385.46034,37,32.46654668,23,32.49680897,1.402119822
25132,LH2,N/A,hcL2_Fan_Freq_R,0,2025-08-22T13:04:00,1620,726,725,53353.75684,39,32.9344,25.5,32.9763,1.66185
25146,LH2,N/A,hcL2_Fan_Freq_R,999,2025-08-22T19:00:00,2100,961,959,70671.87218,40,33.67333011,24,33.72523301,1.870342425
25148,LH2,N/A,hcL2_Fan_Freq_R,0,2025-08-22T19:59:00,1800,813,812,56315.82878,36.5183,31.2866,23,31.3263,1.57719
25149,LH2,N/A,hcL2_Fan_Freq_R,999,2025-08-22T20:30:00,2400,1077,1075,74585.36451,38.5,31.0775244,24.5,31.11730693,1.572980608
25150,LH2,N/A,hcL2_Fan_Freq_R,999,2025-08-22T21:13:00,1980,897,895,69067.58024,41.5,34.88728866,27,34.92631225,1.650568651
25151,LH2,N/A,hcL2_Fan_Freq_R,999,2025-08-22T21:48:00,1860,832,830,64960.47889,41,34.92574401,28,34.96139764,1.578521578
25167,LH2,N/A,hcL2_Fan_Freq_R,999,2025-08-23T07:36:00,2280,1033,1031,77467.96613,42.5,34.00121456,25.5,34.07298082,2.210300946
25168,LH2,N/A,hcL2_Fan_Freq_R,999,2025-08-23T08:15:00,2040,928,926,73036.30965,42,35.8027876,26,35.84843675,1.808540181
25169,LH2,N/A,hcL2_Fan_Freq_R,999,2025-08-23T08:49:00,1980,920,918,67207.09703,41,33.96936048,24.5,34.02891475,2.012358635
25170,LH2,N/A,hcL2_Fan_Freq_R,999,2025-08-23T09:24:00,1920,867,865,66443.33003,41,34.60860442,24.5,34.66414378,1.961469936
25181,LH2,N/A,hcL2_Fan_Freq_R,999,2025-08-23T15:12:00,1980,886,884,65417.28871,40.5,33.03953543,27,33.0736783,1.502429673
25182,LH2,N/A,hcL2_Fan_Freq_R,0,2025-08-23T15:45:00,1800,803,802,59501.89666,39,33.0566,23.5,33.1021,1.73406
25183,LH2,N/A,hcL2_Fan_Freq_R,999,2025-08-23T16:17:00,2040,920,918,68532.32498,40,33.59789551,28.5,33.64238175,1.729527874
25184,LH2,N/A,hcL2_Fan_Freq_R,999,2025-08-23T17:00:00,1920,880,878,65490.38607,41,34.17797646,25,34.27229812,2.54093357
25185,LH2,N/A,hcL2_Fan_Freq_R,0,2025-08-23T17:37:00,1800,808,807,65120.39676,43,36.178,28.5,36.2146,1.62752
25187,LH2,N/A,hcL2_Fan_Freq_R,0,2025-08-23T18:28:00,1800,807,806,57609.149,40,32.0051,23,32.1139,2.64099
25203,LH2,N/A,hcL2_Fan_Freq_R,999,2025-08-24T03:09:00,2820,1306,1304,82863.70415,36.5183,29.42586134,21.5,29.53583653,2.546433586
25204,LH2,N/A,hcL2_Fan_Freq_R,999,2025-08-24T03:58:00,2220,968,966,71221.6504,38,32.08190456,24.5,32.11516469,1.461233352
25205,LH2,N/A,hcL2_Fan_Freq_R,999,2025-08-24T04:49:00,1980,911,909,53649.35927,35.5,27.09619252,19.5,27.18315558,2.172624719
25206,LH2,N/A,hcL2_Fan_Freq_R,999,2025-08-24T05:22:00,2100,974,972,61724.28011,37,29.43136063,21,29.55590258,2.71042235
25207,LH2,N/A,hcL2_Fan_Freq_R,999,2025-08-24T05:57:00,2580,1144,1142,79912.32528,37,30.97837415,24.5,31.02071038,1.620125764
25208,LH2,N/A,hcL2_Fan_Freq_R,999,2025-08-24T06:41:00,1860,847,845,57716.59326,38.5,31.03375784,25.5,31.08701276,1.818855874
25210,LH2,N/A,hcL2_Fan_Freq_R,999,2025-08-24T07:14:00,2100,962,960,68634.09796,39.5,32.6842352,26.5,32.74454457,1.986446138
25211,LH2,N/A,hcL2_Fan_Freq_R,999,2025-08-24T07:49:00,1980,894,892,68007.6928,45.5,34.38448957,25,34.45731726,2.239104677
25217,LH2,N/A,hcL2_Fan_Freq_R,0,2025-08-24T10:19:00,1800,827,826,64679.29129,41,35.9329,27,35.9796,1.8316
25218,LH2,N/A,hcL2_Fan_Freq_R,999,2025-08-24T10:49:00,2280,1038,1036,81894.81161,41.5208,35.93219153,30.5,35.98762357,1.99666268
25219,LH2,N/A,hcL2_Fan_Freq_R,999,2025-08-24T11:27:00,2160,977,975,75391.26144,40.02,34.90434281,26,34.95020864,1.789954469
25220,LH2,N/A,hcL2_Fan_Freq_R,999,2025-08-24T12:03:00,2100,965,963,74411.13011,41.5,35.43519015,27,35.48033639,1.789292952
25221,LH2,N/A,hcL2_Fan_Freq_R,999,2025-08-24T12:38:00,1980,898,896,72498.86684,42.5,36.61811061,28.5,36.66276272,1.808907439
25233,LH2,N/A,hcL2_Fan_Freq_R,0,2025-08-24T19:45:00,1800,827,826,61784.99763,47.5,34.325,24.5,34.3741,1.8369
25234,LH2,N/A,hcL2_Fan_Freq_R,999,2025-08-24T20:15:00,1860,865,863,63384.9666,39.0195,34.07911256,26,34.12022357,1.674438338
25235,LH2,N/A,hcL2_Fan_Freq_R,0,2025-08-24T20:47:00,1800,797,796,61013.60878,39.5,33.8964,25,33.9415,1.7474
25236,LH2,N/A,hcL2_Fan_Freq_R,0,2025-08-24T21:19:00,1800,816,815,63511.54874,42,35.2842,29,35.3354,1.90211
25237,LH2,N/A,hcL2_Fan_Freq_R,999,2025-08-24T21:49:00,1860,856,854,66850.517,50,35.9415822,23,35.9957925,1.974777563
25262,LH2,N/A,hcL2_Fan_Freq_R,999,2025-08-25T12:43:00,2280,1052,1050,80064.4097,40.02,35.11863015,27.5,35.15565939,1.613134761
25263,LH2,N/A,hcL2_Fan_Freq_R,999,2025-08-25T13:21:00,2220,1025,1023,77767.23095,42,35.0393578,24,35.08583447,1.805321536
25264,LH2,N/A,hcL2_Fan_Freq_R,999,2025-08-25T13:59:00,2340,1075,1073,83647.61629,42,35.74716099,21,35.79194576,1.789933495
25265,LH2,N/A,hcL2_Fan_Freq_R,999,2025-08-25T14:40:00,1980,909,907,73006.96922,44,36.88049954,28.5,36.92936777,1.899199028
25266,LH2,N/A,hcL2_Fan_Freq_R,999,2025-08-25T15:13:00,2040,913,911,66033.83563,41.5,32.37313061,24.5,32.41972189,1.737464339
25286,LH2,N/A,hcL2_Fan_Freq_R,999,2025-08-26T02:47:00,1860,836,834,50389.42024,33,27.09127543,17.5,27.17024507,2.07002719
25287,LH2,N/A,hcL2_Fan_Freq_R,0,2025-08-26T03:18:00,1800,806,805,46699.26414,32,25.944,20.5,26.0315,2.13202
25288,LH2,N/A,hcL2_Fan_Freq_R,999,2025-08-26T03:49:00,1860,859,857,46569.92505,30.5,25.03934296,16,25.10094439,1.757473603
25289,LH2,N/A,hcL2_Fan_Freq_R,0,2025-08-26T04:21:00,1740,774,773,46208.48624,31.5,26.5566,18.5,26.6121,1.7181
25290,LH2,N/A,hcL2_Fan_Freq_R,999,2025-08-26T04:50:00,1860,822,820,47663.63911,32,25.65444052,18,25.73600184,2.047308562
25315,LH2,N/A,hcL2_Fan_Freq_R,999,2025-08-27T00:20:00,1860,794,792,50359.08781,32,27.07600106,21.5,27.10624128,1.280032503
25316,LH2,N/A,hcL2_Fan_Freq_R,0,2025-08-27T00:53:00,1800,773,772,48456.89406,31,26.9205,19,26.9493,1.24643
25328,LH2,N/A,hcL2_Fan_Freq_R,999,2025-08-27T21:32:00,1980,915,913,96112.50971,55.5,48.54167195,23,48.59467032,2.268935398
25329,LH2,N/A,hcL2_Fan_Freq_R,999,2025-08-27T22:05:00,2040,941,939,102664.4577,65.5,50.3328903,40,50.37955413,2.167862517
25330,LH2,N/A,hcL2_Fan_Freq_R,999,2025-08-27T22:39:00,1860,868,866,93998.49533,60,50.53719562,35,50.58647959,2.232437442
25331,LH2,N/A,hcL2_Fan_Freq_R,999,2025-08-27T23:11:00,1980,917,915,102513.3453,59.5,51.77452578,44.5,51.81129479,1.951601385
25333,LH2,N/A,hcL2_Fan_Freq_R,0,2025-08-27T23:45:00,1800,834,833,92019.1115,57.5,51.1217,41,51.1515,1.74572
25334,LH2,N/A,hcL2_Fan_Freq_R,0,2025-08-28T00:16:00,1800,838,837,92918.23004,59.5,51.6212,41.5,51.6573,1.92957
25356,LH2,N/A,hcL2_Fan_Freq_R,999,2025-08-28T15:04:00,2100,973,971,104707.3158,57,49.86243053,40.5,49.90636029,2.093518448
25357,LH2,N/A,hcL2_Fan_Freq_R,0,2025-08-28T15:40:00,1800,828,827,89649.69263,55,49.8054,37.5,49.8444,1.97254
25358,LH2,N/A,hcL2_Fan_Freq_R,999,2025-08-28T16:11:00,1860,868,866,94404.13703,57,50.76108715,40.5,50.79855657,1.9507385
25359,LH2,N/A,hcL2_Fan_Freq_R,0,2025-08-28T16:43:00,1800,830,829,92205.54398,57.5,51.2253,43.5,51.2688,2.11225
25360,LH2,N/A,hcL2_Fan_Freq_R,0,2025-08-28T17:14:00,1800,846,845,89582.39958,55.5,49.768,39.5,49.8038,1.88814