run_number,start_time,stop_time
23838,2025-07-16T02:25:10,2025-07-16T02:25:21
23839,2025-07-16T05:51:10,2025-07-16T06:45:28
23840,2025-07-16T06:45:50,2025-07-16T07:01:13
23841,2025-07-16T07:22:07,2025-07-16T07:30:48
23843,2025-07-16T09:10:59,2025-07-16T09:13:14
23845,2025-07-16T10:18:14,2025-07-16T10:25:38
23846,2025-07-16T10:49:26,2025-07-16T11:20:54
23847,2025-07-16T11:22:05,2025-07-16T11:52:27
23848,2025-07-16T11:53:41,2025-07-16T12:24:31
23849,2025-07-16T13:27:58,2025-07-16T13:59:55
23850,2025-07-16T14:01:02,2025-07-16T14:31:36
23851,2025-07-16T14:33:02,2025-07-16T15:03:12
23852,2025-07-16T15:05:39,2025-07-16T15:24:47
23853,2025-07-16T16:12:22,2025-07-16T16:21:45
23854,2025-07-16T16:23:30,2025-07-16T16:30:18
23855,2025-07-16T16:31:09,2025-07-16T16:42:44
23856,2025-07-16T16:45:57,2025-07-16T17:15:08
23857,2025-07-16T17:25:07,2025-07-16T17:40:50
23858,2025-07-16T18:12:31,2025-07-16T18:31:14
23859,2025-07-16T18:48:20,2025-07-16T19:19:49
23861,2025-07-16T22:23:13,2025-07-16T22:23:22
23862,2025-07-17T01:57:34,2025-07-17T02:31:24
23863,2025-07-17T03:08:07,2025-07-17T03:24:11
23865,2025-07-17T04:10:51,2025-07-17T04:43:49
23866,2025-07-17T04:52:11,2025-07-17T05:24:49
23867,2025-07-17T05:40:26,2025-07-17T06:11:40
23868,2025-07-17T06:12:15,2025-07-17T06:44:52
23869,2025-07-17T08:23:42,2025-07-17T08:24:15
23870,2025-07-17T08:24:44,2025-07-17T08:26:08
23871,2025-07-17T08:28:03,2025-07-17T08:29:54
23872,2025-07-17T08:30:13,2025-07-17T08:32:03
23873,2025-07-17T12:39:40,2025-07-17T12:40:04
23874,2025-07-17T15:57:46,2025-07-17T16:29:48
23875,2025-07-17T16:30:03,2025-07-17T20:55:57
23876,2025-07-17T22:56:52,2025-07-17T23:41:21
23877,2025-07-17T23:42:40,2025-07-17T23:45:25
23878,2025-07-17T23:52:53,2025-07-18T00:23:41
23879,2025-07-18T00:45:57,2025-07-18T01:21:53
23880,2025-07-18T01:31:28,2025-07-18T02:01:56
23881,2025-07-18T02:06:14,2025-07-18T02:36:26
23882,2025-07-18T02:38:55,2025-07-18T03:10:27
23883,2025-07-18T03:12:06,2025-07-18T03:42:18
23884,2025-07-18T03:43:21,2025-07-18T04:13:40
23885,2025-07-18T04:16:13,2025-07-18T04:46:21
23886,2025-07-18T04:56:22,2025-07-18T05:26:20
23887,2025-07-18T05:28:39,2025-07-18T05:59:35
23888,2025-07-18T06:00:00,2025-07-18T06:35:31
23889,2025-07-18T06:36:03,2025-07-18T07:07:01
23890,2025-07-18T07:18:15,2025-07-18T07:48:23
23891,2025-07-18T07:51:24,2025-07-18T08:32:07
23892,2025-07-18T08:58:08,2025-07-18T09:32:54
23893,2025-07-18T09:33:17,2025-07-18T10:06:59
23894,2025-07-18T10:08:35,2025-07-18T10:42:17
23895,2025-07-18T10:43:28,2025-07-18T11:22:58
23896,2025-07-18T11:23:15,2025-07-18T12:02:22
23897,2025-07-18T12:11:03,2025-07-18T12:44:35
23898,2025-07-18T12:44:50,2025-07-18T13:19:22
23899,2025-07-18T13:19:39,2025-07-18T13:52:13
23900,2025-07-18T13:52:32,2025-07-18T14:32:43
23901,2025-07-18T14:43:40,2025-07-18T15:07:38
23902,2025-07-18T15:58:48,2025-07-18T15:58:52
23903,2025-07-18T16:03:59,2025-07-18T16:04:03
23904,2025-07-18T17:00:32,2025-07-18T17:00:35
23905,2025-07-18T17:16:20,2025-07-18T17:47:16
23906,2025-07-18T17:47:45,2025-07-18T17:49:54
23907,2025-07-18T18:17:38,2025-07-18T18:48:18
23908,2025-07-18T18:49:24,2025-07-18T19:21:40
23909,2025-07-18T19:23:19,2025-07-18T19:55:21
23910,2025-07-18T19:56:34,2025-07-18T20:03:39
23911,2025-07-18T20:03:59,2025-07-18T20:27:58
23912,2025-07-18T20:34:32,2025-07-18T20:57:56
23913,2025-07-18T21:44:42,2025-07-18T22:00:15
23914,2025-07-18T22:05:59,2025-07-18T22:08:30
23915,2025-07-18T22:08:51,2025-07-18T22:39:15
23916,2025-07-18T22:40:38,2025-07-18T22:43:34
23917,2025-07-18T22:43:55,2025-07-18T23:03:21
23919,2025-07-18T23:05:22,2025-07-18T23:36:40
23920,2025-07-18T23:37:27,2025-07-18T23:46:44
23921,2025-07-18T23:47:23,2025-07-18T23:55:03
23922,2025-07-19T00:12:54,2025-07-19T00:16:58
23923,2025-07-19T00:17:15,2025-07-19T00:18:28
23924,2025-07-19T00:18:40,2025-07-19T00:22:15
23925,2025-07-19T00:40:40,2025-07-19T01:11:22
23926,2025-07-19T01:13:10,2025-07-19T01:14:59
23927,2025-07-19T01:15:18,2025-07-19T01:17:03
23928,2025-07-19T01:17:30,2025-07-19T01:19:03
23929,2025-07-19T01:19:37,2025-07-19T01:21:46
23930,2025-07-19T01:22:17,2025-07-19T01:23:48
23931,2025-07-19T01:24:09,2025-07-19T01:26:15
23932,2025-07-19T01:26:32,2025-07-19T01:28:57
23933,2025-07-19T01:29:12,2025-07-19T01:59:48
23934,2025-07-19T02:09:56,2025-07-19T02:41:04
23935,2025-07-19T02:42:33,2025-07-19T02:44:33
23936,2025-07-19T02:44:49,2025-07-19T02:46:41
23937,2025-07-19T02:47:00,2025-07-19T03:17:52
23938,2025-07-19T03:25:25,2025-07-19T03:56:21
23939,2025-07-19T03:59:38,2025-07-19T04:00:52
23940,2025-07-19T04:01:05,2025-07-19T04:02:28
23941,2025-07-19T04:02:39,2025-07-19T04:33:53
23942,2025-07-19T04:51:05,2025-07-19T05:22:23
23943,2025-07-19T05:24:56,2025-07-19T05:34:24
23944,2025-07-19T05:39:29,2025-07-19T06:09:17
23945,2025-07-19T06:10:37,2025-07-19T06:40:24
23946,2025-07-19T06:41:24,2025-07-19T07:11:20
23947,2025-07-19T07:12:23,2025-07-19T07:43:19
23948,2025-07-19T08:06:43,2025-07-19T08:45:27
23949,2025-07-19T08:46:30,2025-07-19T09:03:36
23950,2025-07-19T09:13:39,2025-07-19T09:48:41
23951,2025-07-19T09:49:31,2025-07-19T10:26:45
23952,2025-07-19T10:27:08,2025-07-19T10:58:24
23953,2025-07-19T10:58:43,2025-07-19T11:31:23
23954,2025-07-19T11:32:52,2025-07-19T12:04:52
23955,2025-07-19T12:13:00,2025-07-19T12:44:10
23956,2025-07-19T12:45:17,2025-07-19T13:06:15
23957,2025-07-19T13:46:59,2025-07-19T13:59:51
23958,2025-07-19T14:09:52,2025-07-19T14:15:53
23959,2025-07-19T14:20:01,2025-07-19T15:14:51
23960,2025-07-19T15:24:35,2025-07-19T15:55:45
23961,2025-07-19T15:57:06,2025-07-19T16:11:23
23962,2025-07-19T16:13:18,2025-07-19T16:28:40
23963,2025-07-19T16:30:35,2025-07-19T17:01:35
23964,2025-07-19T17:14:31,2025-07-19T17:46:33
23965,2025-07-19T17:47:04,2025-07-19T18:17:58
23966,2025-07-19T18:18:47,2025-07-19T18:50:15
23967,2025-07-19T19:05:35,2025-07-19T19:37:45
23968,2025-07-19T19:39:16,2025-07-19T20:02:12
23969,2025-07-19T20:07:25,2025-07-19T20:40:50
23970,2025-07-19T20:41:39,2025-07-19T21:11:41
23971,2025-07-19T21:14:16,2025-07-19T21:26:13
23972,2025-07-19T21:32:39,2025-07-19T22:06:45
23973,2025-07-19T22:07:24,2025-07-19T22:25:26
23974,2025-07-19T23:08:33,2025-07-19T23:40:47
23975,2025-07-19T23:41:32,2025-07-20T00:11:52
23976,2025-07-20T00:16:47,2025-07-20T00:46:47
23977,2025-07-20T01:21:51,2025-07-20T01:52:29
23978,2025-07-20T01:54:05,2025-07-20T02:29:53
23980,2025-07-20T02:49:03,2025-07-20T03:19:21
23981,2025-07-20T03:35:39,2025-07-20T04:06:25
23982,2025-07-20T04:19:24,2025-07-20T05:01:15
23983,2025-07-20T05:30:57,2025-07-20T06:01:21
23984,2025-07-20T06:13:20,2025-07-20T06:43:52
23985,2025-07-20T07:01:06,2025-07-20T07:31:50
23986,2025-07-20T07:32:40,2025-07-20T08:04:30
23987,2025-07-20T08:06:29,2025-07-20T08:39:19
23988,2025-07-20T08:39:34,2025-07-20T09:10:00
23989,2025-07-20T09:37:10,2025-07-20T10:09:48
23990,2025-07-20T10:11:24,2025-07-20T10:43:30
23991,2025-07-20T10:44:23,2025-07-20T11:15:31
23992,2025-07-20T11:22:06,2025-07-20T11:56:38
23993,2025-07-20T11:57:08,2025-07-20T12:30:34
23994,2025-07-20T12:30:47,2025-07-20T13:09:57
23995,2025-07-20T13:10:30,2025-07-20T13:38:10
23996,2025-07-20T13:40:15,2025-07-20T14:13:19
23997,2025-07-20T14:13:44,2025-07-20T14:14:30
23998,2025-07-20T14:15:31,2025-07-20T14:46:51
23999,2025-07-20T14:55:40,2025-07-20T15:26:35
24000,2025-07-20T15:32:42,2025-07-20T15:35:27
24001,2025-07-20T15:35:48,2025-07-20T16:06:19
24002,2025-07-20T16:06:56,2025-07-20T16:37:14
24003,2025-07-20T16:37:35,2025-07-20T17:07:31
24004,2025-07-20T17:08:52,2025-07-20T17:39:30
24005,2025-07-20T17:53:20,2025-07-20T18:24:52
24006,2025-07-20T18:25:21,2025-07-20T18:55:27
24007,2025-07-20T18:55:56,2025-07-20T19:05:20
24010,2025-07-20T20:18:01,2025-07-20T21:10:22
24011,2025-07-20T21:22:21,2025-07-20T21:53:15
24012,2025-07-20T21:53:38,2025-07-20T22:14:15
24013,2025-07-20T22:24:42,2025-07-20T22:55:44
24014,2025-07-20T22:55:59,2025-07-20T23:01:39
24015,2025-07-20T23:27:52,2025-07-21T00:00:06
24016,2025-07-21T00:02:09,2025-07-21T00:37:32
24017,2025-07-21T00:43:33,2025-07-21T01:14:17
24018,2025-07-21T01:18:09,2025-07-21T01:48:53
24019,2025-07-21T01:57:54,2025-07-21T02:29:10
24020,2025-07-21T02:30:18,2025-07-21T03:04:24
24021,2025-07-21T03:06:19,2025-07-21T03:38:15
24022,2025-07-21T03:40:11,2025-07-21T04:10:45
24023,2025-07-21T04:12:59,2025-07-21T04:22:06
24024,2025-07-21T05:07:48,2025-07-21T05:38:18
24027,2025-07-21T06:46:58,2025-07-21T07:18:30
24033,2025-07-21T08:51:20,2025-07-21T09:13:38
24034,2025-07-21T09:15:12,2025-07-21T09:16:49
24035,2025-07-21T09:17:46,2025-07-21T09:19:17
24036,2025-07-21T09:19:36,2025-07-21T09:20:28
24037,2025-07-21T09:20:46,2025-07-21T09:21:24
24038,2025-07-21T13:00:08,2025-07-21T13:17:13
24039,2025-07-21T13:28:39,2025-07-21T13:39:50
24040,2025-07-21T14:15:32,2025-07-21T14:53:47
24041,2025-07-21T16:58:18,2025-07-21T17:30:28
24042,2025-07-21T17:44:06,2025-07-21T18:14:44
24043,2025-07-21T18:15:29,2025-07-21T18:47:25
24044,2025-07-21T18:49:14,2025-07-21T19:06:06
24047,2025-07-21T19:39:44,2025-07-21T20:15:14
24048,2025-07-21T20:15:37,2025-07-21T20:46:58
24049,2025-07-21T20:47:51,2025-07-21T21:18:51
24050,2025-07-21T21:19:42,2025-07-21T21:52:44
24051,2025-07-21T22:02:20,2025-07-21T22:32:22
24052,2025-07-21T22:34:03,2025-07-21T22:51:15
24053,2025-07-21T22:54:24,2025-07-21T23:11:22
24054,2025-07-21T23:21:43,2025-07-21T23:52:33
24055,2025-07-21T23:53:16,2025-07-22T00:28:19
24056,2025-07-22T00:28:34,2025-07-22T00:59:19
24057,2025-07-22T01:06:28,2025-07-22T01:37:23
24058,2025-07-22T01:38:32,2025-07-22T02:08:02
24059,2025-07-22T02:09:13,2025-07-22T02:40:15
24060,2025-07-22T02:47:06,2025-07-22T03:18:17
24061,2025-07-22T03:18:42,2025-07-22T03:49:18
24062,2025-07-22T03:49:45,2025-07-22T04:20:15
24063,2025-07-22T04:20:44,2025-07-22T04:51:20
24064,2025-07-22T04:52:05,2025-07-22T05:23:19
24065,2025-07-22T05:23:58,2025-07-22T05:54:30
24066,2025-07-22T05:55:09,2025-07-22T06:41:56
24067,2025-07-22T06:42:47,2025-07-22T07:19:17
24068,2025-07-22T07:20:14,2025-07-22T07:50:16
24069,2025-07-22T07:51:11,2025-07-22T08:21:25
24070,2025-07-22T08:33:54,2025-07-22T09:10:30
24071,2025-07-22T14:06:04,2025-07-22T14:44:09
24072,2025-07-22T14:44:24,2025-07-22T15:15:36
24073,2025-07-22T15:16:01,2025-07-22T15:46:15
24074,2025-07-22T15:46:30,2025-07-22T16:17:30
24075,2025-07-22T16:17:47,2025-07-22T16:48:55
24076,2025-07-22T16:49:44,2025-07-22T17:20:24
24077,2025-07-22T17:23:09,2025-07-22T17:25:42
24078,2025-07-22T17:27:01,2025-07-22T17:37:30
24079,2025-07-22T17:39:29,2025-07-22T18:11:36
24080,2025-07-22T18:12:11,2025-07-22T18:42:49
24081,2025-07-22T18:54:06,2025-07-22T19:25:34
24082,2025-07-22T19:26:11,2025-07-22T19:56:31
24083,2025-07-22T20:04:53,2025-07-22T20:20:32
24084,2025-07-22T20:43:16,2025-07-22T21:15:24
24085,2025-07-22T21:15:57,2025-07-22T21:47:39
24086,2025-07-22T21:47:56,2025-07-22T22:19:16
24087,2025-07-22T22:29:47,2025-07-22T23:00:19
24088,2025-07-22T23:24:47,2025-07-22T23:29:36
24089,2025-07-22T23:31:14,2025-07-22T23:57:17
24090,2025-07-23T00:00:39,2025-07-23T00:01:10
24091,2025-07-23T00:01:21,2025-07-23T00:31:33
24092,2025-07-23T00:34:59,2025-07-23T01:07:53
24093,2025-07-23T01:08:32,2025-07-23T01:38:52
24094,2025-07-23T01:39:21,2025-07-23T02:09:17
24095,2025-07-23T02:10:34,2025-07-23T02:40:32
24096,2025-07-23T02:42:01,2025-07-23T03:17:21
24097,2025-07-23T03:25:48,2025-07-23T03:28:36
24098,2025-07-23T03:28:55,2025-07-23T03:59:21
24099,2025-07-23T04:00:24,2025-07-23T04:31:22
24100,2025-07-23T04:31:35,2025-07-23T05:01:23
24101,2025-07-23T05:01:32,2025-07-23T05:33:28
24102,2025-07-23T05:35:57,2025-07-23T06:09:56
24104,2025-07-23T06:10:53,2025-07-23T06:59:54
24105,2025-07-23T10:33:26,2025-07-23T10:34:45
24106,2025-07-23T11:05:39,2025-07-23T11:06:19
24107,2025-07-23T11:25:57,2025-07-23T12:34:02
24108,2025-07-23T12:34:31,2025-07-23T12:42:32
24109,2025-07-23T12:42:45,2025-07-23T16:53:49
24110,2025-07-23T18:07:40,2025-07-23T18:40:45
24111,2025-07-23T18:41:40,2025-07-23T19:12:01
24112,2025-07-23T19:12:41,2025-07-23T19:43:17
24113,2025-07-23T19:45:02,2025-07-23T20:15:48
24114,2025-07-23T20:16:41,2025-07-23T20:32:07
24115,2025-07-23T20:33:20,2025-07-23T20:49:18
24116,2025-07-23T20:59:47,2025-07-23T21:31:27
24117,2025-07-23T21:32:08,2025-07-23T22:04:12
24118,2025-07-23T22:06:16,2025-07-23T22:25:07
24119,2025-07-23T22:26:55,2025-07-23T22:45:14
24120,2025-07-23T22:56:38,2025-07-23T23:34:10
24121,2025-07-23T23:35:15,2025-07-24T00:07:51
24122,2025-07-24T00:08:50,2025-07-24T00:41:48
24123,2025-07-24T00:42:23,2025-07-24T01:13:05
24124,2025-07-24T01:14:28,2025-07-24T01:29:18
24125,2025-07-24T01:29:49,2025-07-24T02:00:31
24126,2025-07-24T02:13:23,2025-07-24T02:43:56
24127,2025-07-24T02:44:30,2025-07-24T03:15:29
24128,2025-07-24T03:16:03,2025-07-24T03:47:12
24129,2025-07-24T03:47:47,2025-07-24T04:22:03
24130,2025-07-24T04:33:53,2025-07-24T05:10:07
24131,2025-07-24T05:10:34,2025-07-24T05:41:44
24132,2025-07-24T05:42:11,2025-07-24T06:13:33
24133,2025-07-24T06:17:53,2025-07-24T06:50:46
24134,2025-07-24T06:52:16,2025-07-24T07:24:16
24135,2025-07-24T07:25:33,2025-07-24T07:56:07
24136,2025-07-24T07:58:40,2025-07-24T08:16:08
24137,2025-07-24T08:17:49,2025-07-24T08:36:47
24138,2025-07-24T08:49:06,2025-07-24T09:22:32
24139,2025-07-24T09:23:11,2025-07-24T09:56:51
24140,2025-07-24T09:57:06,2025-07-24T10:30:20
24141,2025-07-24T10:31:35,2025-07-24T11:04:24
24142,2025-07-24T11:13:21,2025-07-24T11:32:45
24143,2025-07-24T11:33:15,2025-07-24T11:52:21
24144,2025-07-24T12:14:17,2025-07-24T12:46:21
24145,2025-07-24T12:47:02,2025-07-24T13:21:32
24146,2025-07-24T13:21:51,2025-07-24T13:54:51
24147,2025-07-24T13:55:10,2025-07-24T14:26:28
24148,2025-07-24T14:27:31,2025-07-24T14:46:15
24149,2025-07-24T14:47:12,2025-07-24T15:02:51
24150,2025-07-24T15:12:27,2025-07-24T15:45:35
24151,2025-07-24T15:46:02,2025-07-24T16:18:04
24152,2025-07-24T16:20:07,2025-07-24T16:57:50
24154,2025-07-24T16:58:53,2025-07-24T17:31:58
24156,2025-07-24T17:32:57,2025-07-24T18:03:55
24157,2025-07-24T18:04:43,2025-07-24T18:36:17
24158,2025-07-24T18:44:14,2025-07-24T19:16:06
24159,2025-07-24T19:16:29,2025-07-24T19:47:17
24160,2025-07-24T19:47:34,2025-07-24T20:17:44
24161,2025-07-24T20:17:57,2025-07-24T20:49:23
24162,2025-07-24T20:59:24,2025-07-24T21:31:03
24163,2025-07-24T21:31:21,2025-07-24T22:01:14
24164,2025-07-24T22:01:28,2025-07-24T22:35:19
24165,2025-07-24T22:35:34,2025-07-24T23:06:46
24166,2025-07-24T23:08:59,2025-07-24T23:40:35
24167,2025-07-24T23:46:40,2025-07-25T00:17:59
24168,2025-07-25T00:19:09,2025-07-25T00:51:05
24169,2025-07-25T00:52:06,2025-07-25T01:23:53
24170,2025-07-25T01:24:46,2025-07-25T01:55:58
24171,2025-07-25T02:03:39,2025-07-25T02:36:17
24172,2025-07-25T02:36:40,2025-07-25T03:07:38
24173,2025-07-25T03:14:19,2025-07-25T03:44:33
24174,2025-07-25T03:44:55,2025-07-25T04:15:01
24175,2025-07-25T04:15:38,2025-07-25T04:45:12
24176,2025-07-25T04:45:43,2025-07-25T05:17:09
24177,2025-07-25T05:17:38,2025-07-25T05:49:00
24178,2025-07-25T06:12:12,2025-07-25T06:43:08
24179,2025-07-25T06:43:41,2025-07-25T07:15:55
24180,2025-07-25T07:18:10,2025-07-25T07:22:03
24181,2025-07-25T07:22:49,2025-07-25T07:33:36
24183,2025-07-25T07:37:13,2025-07-25T07:55:09
24184,2025-07-25T07:57:22,2025-07-25T08:13:14
24185,2025-07-25T08:19:39,2025-07-25T08:50:53
24186,2025-07-25T10:00:22,2025-07-25T10:01:01
24187,2025-07-25T10:02:26,2025-07-25T10:36:44
24188,2025-07-25T10:37:26,2025-07-25T11:09:02
24189,2025-07-25T11:09:21,2025-07-25T11:54:34
24190,2025-07-25T11:54:55,2025-07-25T12:25:23
24191,2025-07-25T12:25:35,2025-07-25T13:02:14
24192,2025-07-25T13:02:27,2025-07-25T13:33:41
24193,2025-07-25T13:33:56,2025-07-25T14:08:11
24194,2025-07-25T14:08:23,2025-07-25T14:40:07
24195,2025-07-25T14:40:24,2025-07-25T15:15:22
24196,2025-07-25T15:17:29,2025-07-25T15:50:40
24197,2025-07-25T15:51:39,2025-07-25T16:23:15
24198,2025-07-25T16:24:08,2025-07-25T16:43:16
24199,2025-07-25T16:43:53,2025-07-25T17:00:31
24200,2025-07-25T17:09:42,2025-07-25T17:22:15
24201,2025-07-25T17:28:50,2025-07-25T18:01:58
24202,2025-07-25T18:10:38,2025-07-25T18:14:27
24203,2025-07-25T18:16:44,2025-07-25T18:50:54
24204,2025-07-25T18:51:53,2025-07-25T19:22:15
24205,2025-07-25T19:22:53,2025-07-25T19:33:14
24206,2025-07-25T19:42:11,2025-07-25T20:13:17
24207,2025-07-25T20:19:49,2025-07-25T20:52:15
24208,2025-07-25T20:52:36,2025-07-25T21:23:16
24209,2025-07-25T21:23:57,2025-07-25T21:39:05
24210,2025-07-25T21:42:36,2025-07-25T22:13:18
24211,2025-07-25T22:13:39,2025-07-25T22:44:17
24212,2025-07-25T22:45:02,2025-07-25T23:00:20
24213,2025-07-25T23:22:54,2025-07-25T23:55:06
24214,2025-07-25T23:55:33,2025-07-26T00:25:50
24215,2025-07-26T00:26:07,2025-07-26T00:55:25
24216,2025-07-26T00:55:49,2025-07-26T01:26:15
24217,2025-07-26T01:26:34,2025-07-26T01:56:14
24218,2025-07-26T01:56:29,2025-07-26T02:26:11
24219,2025-07-26T02:27:18,2025-07-26T02:57:22
24220,2025-07-26T02:58:43,2025-07-26T03:29:47
24221,2025-07-26T03:30:36,2025-07-26T03:44:40
24222,2025-07-26T03:55:17,2025-07-26T04:35:28
24223,2025-07-26T04:36:17,2025-07-26T05:01:59
24224,2025-07-26T05:02:32,2025-07-26T05:31:58
24225,2025-07-26T05:32:13,2025-07-26T06:00:43
24226,2025-07-26T06:19:07,2025-07-26T06:59:15
24227,2025-07-26T06:59:52,2025-07-26T07:39:30
24228,2025-07-26T07:39:47,2025-07-26T08:13:16
24229,2025-07-26T08:14:02,2025-07-26T08:45:50
24230,2025-07-26T08:46:24,2025-07-26T09:20:28
24231,2025-07-26T09:23:01,2025-07-26T09:38:29
24232,2025-07-26T09:46:50,2025-07-26T10:19:04
24233,2025-07-26T10:19:19,2025-07-26T10:50:21
24234,2025-07-26T10:50:30,2025-07-26T11:20:30
24235,2025-07-26T11:22:43,2025-07-26T11:39:11
24236,2025-07-26T11:47:34,2025-07-26T12:20:18
24237,2025-07-26T12:20:30,2025-07-26T12:50:21
24238,2025-07-26T12:50:36,2025-07-26T13:35:49
24239,2025-07-26T13:36:02,2025-07-26T14:09:40
24240,2025-07-26T14:09:51,2025-07-26T14:40:27
24241,2025-07-26T14:41:44,2025-07-26T15:12:20
24242,2025-07-26T15:13:41,2025-07-26T15:30:31
24243,2025-07-26T15:37:42,2025-07-26T16:08:16
24244,2025-07-26T16:08:57,2025-07-26T16:40:15
24245,2025-07-26T16:40:38,2025-07-26T17:11:16
24246,2025-07-26T17:11:35,2025-07-26T17:42:17
24247,2025-07-26T17:42:54,2025-07-26T18:13:54
24248,2025-07-26T18:14:27,2025-07-26T18:45:17
24249,2025-07-26T18:46:16,2025-07-26T19:01:28
24250,2025-07-26T19:14:09,2025-07-26T19:45:21
24251,2025-07-26T19:45:54,2025-07-26T20:16:20
24252,2025-07-26T20:16:46,2025-07-26T20:47:21
24253,2025-07-26T20:47:53,2025-07-26T21:18:19
24254,2025-07-26T21:18:36,2025-07-26T21:49:18
24255,2025-07-26T21:49:37,2025-07-26T22:20:17
24256,2025-07-26T22:21:00,2025-07-26T22:36:44
24257,2025-07-26T22:42:51,2025-07-26T23:13:23
24258,2025-07-26T23:13:56,2025-07-26T23:44:28
24259,2025-07-26T23:44:49,2025-07-27T00:15:09
24260,2025-07-27T00:15:28,2025-07-27T00:45:32
24261,2025-07-27T00:45:49,2025-07-27T01:15:15
24262,2025-07-27T01:15:36,2025-07-27T01:46:08
24263,2025-07-27T01:47:03,2025-07-27T02:17:37
24264,2025-07-27T02:18:26,2025-07-27T02:48:40
24265,2025-07-27T02:49:45,2025-07-27T03:04:57
24266,2025-07-27T03:10:58,2025-07-27T03:40:56
24267,2025-07-27T03:42:05,2025-07-27T04:11:31
24268,2025-07-27T04:20:13,2025-07-27T04:50:29
24269,2025-07-27T04:50:44,2025-07-27T05:20:26
24270,2025-07-27T05:26:35,2025-07-27T05:55:33
24271,2025-07-27T05:55:54,2025-07-27T06:24:30
24272,2025-07-27T06:24:53,2025-07-27T06:27:38
24273,2025-07-27T06:42:54,2025-07-27T07:13:22
24274,2025-07-27T07:13:43,2025-07-27T07:44:15
24275,2025-07-27T07:44:38,2025-07-27T08:16:04
24276,2025-07-27T08:17:19,2025-07-27T08:48:03
24277,2025-07-27T08:58:47,2025-07-27T09:34:23
24278,2025-07-27T09:34:36,2025-07-27T10:05:34
24279,2025-07-27T10:05:47,2025-07-27T10:37:33
24280,2025-07-27T10:38:06,2025-07-27T11:10:22
24281,2025-07-27T11:10:35,2025-07-27T11:48:34
24282,2025-07-27T11:48:51,2025-07-27T12:24:33
24283,2025-07-27T12:25:10,2025-07-27T12:59:30
24284,2025-07-27T13:30:32,2025-07-27T13:46:54
24285,2025-07-27T13:49:01,2025-07-27T14:05:18
24286,2025-07-27T14:08:29,2025-07-27T14:29:21
24287,2025-07-27T14:30:08,2025-07-27T15:01:26
24288,2025-07-27T15:02:39,2025-07-27T15:03:49
24289,2025-07-27T15:04:12,2025-07-27T15:38:30
24290,2025-07-27T15:38:45,2025-07-27T16:08:17
24291,2025-07-27T16:09:16,2025-07-27T16:20:10
24292,2025-07-27T16:24:25,2025-07-27T16:39:14
24293,2025-07-27T16:39:33,2025-07-27T16:51:23
24294,2025-07-27T16:52:22,2025-07-27T17:04:04
24295,2025-07-27T17:07:19,2025-07-27T17:17:16
24296,2025-07-27T17:18:29,2025-07-27T17:28:51
24297,2025-07-27T17:30:20,2025-07-27T17:34:11
24298,2025-07-27T17:35:02,2025-07-27T17:45:22
24299,2025-07-27T17:50:49,2025-07-27T18:06:19
24300,2025-07-28T05:13:24,2025-07-28T05:21:27
24301,2025-07-28T05:32:43,2025-07-28T05:48:52
24302,2025-07-28T05:50:17,2025-07-28T05:52:02
24303,2025-07-28T05:53:44,2025-07-28T06:10:19
24304,2025-07-28T06:13:01,2025-07-28T06:28:38
24305,2025-07-28T06:48:48,2025-07-28T06:51:37
24306,2025-07-28T06:52:34,2025-07-28T07:03:48
24307,2025-07-28T07:05:51,2025-07-28T07:17:38
24308,2025-07-28T07:18:56,2025-07-28T07:29:17
24309,2025-07-28T07:30:44,2025-07-28T07:46:14
24310,2025-07-28T08:01:51,2025-07-28T08:38:12
24311,2025-07-28T08:38:35,2025-07-28T09:10:17
24312,2025-07-28T09:10:42,2025-07-28T09:43:14
24313,2025-07-28T09:44:07,2025-07-28T10:34:51
24314,2025-07-28T10:35:11,2025-07-28T11:06:25
24315,2025-07-28T11:06:44,2025-07-28T11:38:24
24316,2025-07-28T12:02:08,2025-07-28T12:32:36
24317,2025-07-28T12:33:05,2025-07-28T13:10:41
24318,2025-07-28T13:12:50,2025-07-28T13:44:22
24319,2025-07-28T13:46:07,2025-07-28T14:07:47
24320,2025-07-28T14:09:10,2025-07-28T14:11:03
24321,2025-07-28T14:11:49,2025-07-28T14:47:35
24322,2025-07-28T14:59:22,2025-07-28T15:31:04
24323,2025-07-28T15:32:21,2025-07-28T16:04:11
24324,2025-07-28T16:05:44,2025-07-28T16:37:16
24325,2025-07-28T16:38:17,2025-07-28T17:09:21
24326,2025-07-28T17:09:55,2025-07-28T17:40:19
24327,2025-07-28T17:41:06,2025-07-28T18:11:34
24328,2025-07-28T18:12:11,2025-07-28T18:42:33
24329,2025-07-28T18:43:04,2025-07-28T19:13:21
24330,2025-07-28T19:13:47,2025-07-28T19:44:39
24331,2025-07-28T19:45:32,2025-07-28T20:15:16
24332,2025-07-28T20:16:05,2025-07-28T20:46:21
24333,2025-07-28T20:47:50,2025-07-28T21:04:00
24334,2025-07-28T21:05:17,2025-07-28T21:20:50
24335,2025-07-28T21:30:22,2025-07-28T21:50:17
24336,2025-07-28T22:49:04,2025-07-28T23:20:50
24337,2025-07-28T23:21:55,2025-07-28T23:52:39
24338,2025-07-28T23:53:46,2025-07-29T00:25:15
24339,2025-07-29T00:26:08,2025-07-29T00:56:28
24340,2025-07-29T01:00:07,2025-07-29T01:16:17
24341,2025-07-29T01:22:08,2025-07-29T01:42:28
24342,2025-07-29T01:56:37,2025-07-29T02:27:27
24343,2025-07-29T02:28:42,2025-07-29T02:59:22
24344,2025-07-29T02:59:53,2025-07-29T03:31:41
24345,2025-07-29T03:32:50,2025-07-29T04:03:24
24346,2025-07-29T04:03:57,2025-07-29T04:34:27
24347,2025-07-29T04:34:56,2025-07-29T05:05:46
24348,2025-07-29T05:06:15,2025-07-29T05:36:24
24349,2025-07-29T05:38:23,2025-07-29T06:06:53
24350,2025-07-29T06:11:04,2025-07-29T06:26:33
24351,2025-07-29T06:31:14,2025-07-29T06:46:52
24352,2025-07-29T06:54:47,2025-07-29T07:27:04
24353,2025-07-29T07:27:43,2025-07-29T07:58:32
24354,2025-07-29T08:00:28,2025-07-29T08:30:36
24355,2025-07-29T08:34:08,2025-07-29T09:04:54
24356,2025-07-29T09:06:47,2025-07-29T09:37:45
24357,2025-07-29T09:39:07,2025-07-29T10:10:11
24358,2025-07-29T10:13:51,2025-07-29T10:36:45
24359,2025-07-29T10:55:01,2025-07-29T11:25:53
24360,2025-07-29T11:29:01,2025-07-29T11:59:20
24361,2025-07-29T12:06:24,2025-07-29T12:22:15
24362,2025-07-29T12:24:26,2025-07-29T12:39:22
24363,2025-07-29T13:19:29,2025-07-29T13:49:55
24364,2025-07-29T13:50:28,2025-07-29T14:21:11
24365,2025-07-29T14:21:38,2025-07-29T14:52:12
24366,2025-07-29T14:52:45,2025-07-29T15:23:12
24367,2025-07-29T15:23:37,2025-07-29T15:54:21
24368,2025-07-29T15:55:04,2025-07-29T16:26:32
24369,2025-07-29T16:27:09,2025-07-29T16:57:17
24370,2025-07-29T16:57:44,2025-07-29T17:28:16
24371,2025-07-29T17:28:51,2025-07-29T17:59:16
24372,2025-07-29T17:59:43,2025-07-29T18:30:25
24373,2025-07-29T18:31:42,2025-07-29T19:03:44
24374,2025-07-29T19:04:03,2025-07-29T19:05:19
24375,2025-07-29T19:05:35,2025-07-29T19:20:17
24376,2025-07-29T19:30:10,2025-07-29T20:01:32
24377,2025-07-29T20:01:47,2025-07-29T20:32:18
24378,2025-07-29T20:32:43,2025-07-29T21:03:47
24379,2025-07-29T21:04:18,2025-07-29T21:34:18
24380,2025-07-29T21:34:49,2025-07-29T22:05:49
24381,2025-07-29T22:06:06,2025-07-29T22:36:34
24382,2025-07-29T22:37:03,2025-07-29T23:07:17
24383,2025-07-29T23:07:44,2025-07-29T23:38:16
24384,2025-07-29T23:38:43,2025-07-30T00:10:33
24385,2025-07-30T00:21:43,2025-07-30T00:52:23
24386,2025-07-30T01:01:56,2025-07-30T01:38:20
24387,2025-07-30T01:39:17,2025-07-30T02:14:26
24388,2025-07-30T02:56:32,2025-07-30T03:32:38
24389,2025-07-30T03:35:27,2025-07-30T04:07:51
24390,2025-07-30T04:08:28,2025-07-30T04:40:04
24391,2025-07-30T06:01:52,2025-07-30T08:29:06
24392,2025-07-30T12:20:17,2025-07-30T12:23:20
24393,2025-07-30T12:33:21,2025-07-30T12:36:03
24394,2025-07-30T16:36:19,2025-07-30T17:16:05
24395,2025-07-30T17:29:11,2025-07-30T17:29:56
24396,2025-07-30T21:41:35,2025-07-30T22:11:47
24397,2025-07-30T22:12:10,2025-07-30T22:42:22
24398,2025-07-30T22:43:37,2025-07-30T23:13:39
24399,2025-07-30T23:14:26,2025-07-30T23:44:50
24400,2025-07-30T23:52:31,2025-07-31T00:25:31
24401,2025-07-31T00:25:58,2025-07-31T00:57:28
24402,2025-07-31T00:57:40,2025-07-31T01:30:16
24403,2025-07-31T01:37:17,2025-07-31T02:10:28
24405,2025-07-31T02:11:25,2025-07-31T02:43:11
24406,2025-07-31T02:57:02,2025-07-31T03:28:20
24407,2025-07-31T03:28:35,2025-07-31T03:59:25
24408,2025-07-31T03:59:36,2025-07-31T04:30:18
24409,2025-07-31T04:30:33,2025-07-31T05:01:11
24410,2025-07-31T05:01:20,2025-07-31T05:32:34
24411,2025-07-31T05:38:12,2025-07-31T06:10:22
24412,2025-07-31T06:10:39,2025-07-31T06:41:51
24413,2025-07-31T06:42:02,2025-07-31T07:13:20
24414,2025-07-31T07:13:33,2025-07-31T07:44:45
24415,2025-07-31T07:55:38,2025-07-31T08:03:21
24416,2025-07-31T11:49:52,2025-07-31T12:25:19
24417,2025-07-31T12:25:49,2025-07-31T12:56:40
24418,2025-07-31T12:57:14,2025-07-31T13:30:44
24419,2025-07-31T13:31:19,2025-07-31T14:02:57
24420,2025-07-31T14:03:46,2025-07-31T14:07:37
24421,2025-07-31T14:58:48,2025-07-31T15:24:44
24422,2025-07-31T16:53:48,2025-07-31T17:14:43
24423,2025-07-31T17:15:44,2025-07-31T17:46:26
24424,2025-07-31T17:53:15,2025-07-31T18:23:41
24425,2025-07-31T18:24:10,2025-07-31T18:54:32
24426,2025-07-31T18:55:38,2025-07-31T19:26:08
24427,2025-07-31T19:27:25,2025-07-31T19:57:35
24428,2025-07-31T21:45:53,2025-07-31T22:16:51
24429,2025-07-31T22:17:48,2025-07-31T22:48:32
24430,2025-07-31T22:48:59,2025-07-31T23:25:19
24431,2025-07-31T23:25:44,2025-07-31T23:55:54
24432,2025-07-31T23:56:17,2025-08-01T00:27:53
24433,2025-08-01T00:28:20,2025-08-01T01:01:02
24434,2025-08-01T01:01:17,2025-08-01T01:31:25
24435,2025-08-01T01:31:38,2025-08-01T02:01:56
24436,2025-08-01T02:02:15,2025-08-01T02:33:19
24437,2025-08-01T02:33:30,2025-08-01T03:04:48
24438,2025-08-01T03:07:45,2025-08-01T03:24:19
24439,2025-08-01T03:24:54,2025-08-01T03:27:21
24440,2025-08-01T03:28:32,2025-08-01T03:44:18
24441,2025-08-01T04:01:51,2025-08-01T04:32:55
24442,2025-08-01T04:38:28,2025-08-01T05:10:22
24443,2025-08-01T05:10:53,2025-08-01T05:41:43
24444,2025-08-01T05:42:06,2025-08-01T06:13:18
24445,2025-08-01T06:13:34,2025-08-01T06:31:17
24446,2025-08-01T06:33:24,2025-08-01T06:56:46
24447,2025-08-01T10:37:20,2025-08-01T11:07:16
24448,2025-08-01T11:07:41,2025-08-01T11:33:53
24449,2025-08-01T11:43:40,2025-08-01T12:15:20
24450,2025-08-01T12:15:47,2025-08-01T12:47:16
24451,2025-08-01T12:47:39,2025-08-01T13:18:15
24452,2025-08-01T13:18:38,2025-08-01T13:49:16
24453,2025-08-01T13:49:37,2025-08-01T14:19:59
24454,2025-08-01T14:20:30,2025-08-01T14:54:46
24455,2025-08-01T14:56:21,2025-08-01T15:11:19
24456,2025-08-01T15:12:02,2025-08-01T15:42:24
24457,2025-08-01T15:45:19,2025-08-01T15:53:23
24458,2025-08-01T15:58:20,2025-08-01T16:14:48
24459,2025-08-01T16:27:03,2025-08-01T16:30:39
24460,2025-08-01T16:31:20,2025-08-01T17:01:42
24461,2025-08-01T17:02:17,2025-08-01T17:11:52
24462,2025-08-01T17:18:36,2025-08-01T17:46:02
24464,2025-08-01T17:46:39,2025-08-01T18:17:01
24465,2025-08-01T18:19:58,2025-08-01T18:36:06
24466,2025-08-01T18:38:21,2025-08-01T18:54:58
24467,2025-08-01T18:56:14,2025-08-01T18:57:17
24468,2025-08-01T18:57:32,2025-08-01T19:13:53
24469,2025-08-01T19:23:59,2025-08-01T19:54:25
24470,2025-08-01T19:54:54,2025-08-01T20:26:24
24471,2025-08-01T20:26:43,2025-08-01T20:57:21
24472,2025-08-01T20:57:48,2025-08-01T21:21:30
24473,2025-08-01T21:52:16,2025-08-01T22:02:31
24474,2025-08-01T22:03:08,2025-08-01T22:38:08
24475,2025-08-01T22:38:57,2025-08-01T23:11:21
24476,2025-08-01T23:11:50,2025-08-01T23:43:26
24477,2025-08-01T23:43:45,2025-08-02T00:12:25
24478,2025-08-02T00:12:58,2025-08-02T00:45:12
24479,2025-08-02T00:46:13,2025-08-02T01:16:55
24480,2025-08-02T01:20:02,2025-08-02T01:52:39
24481,2025-08-02T01:54:00,2025-08-02T02:09:36
24482,2025-08-02T02:35:00,2025-08-02T02:48:41
24483,2025-08-02T02:49:47,2025-08-02T03:06:02
24484,2025-08-02T03:10:23,2025-08-02T03:25:49
24485,2025-08-02T03:39:23,2025-08-02T04:10:49
24486,2025-08-02T04:11:08,2025-08-02T04:41:50
24487,2025-08-02T04:42:34,2025-08-02T05:13:16
24488,2025-08-02T05:13:44,2025-08-02T05:44:44
24489,2025-08-02T05:45:09,2025-08-02T06:15:15
24490,2025-08-02T06:15:50,2025-08-02T06:45:47
24491,2025-08-02T06:46:11,2025-08-02T07:15:50
24492,2025-08-02T07:16:14,2025-08-02T07:46:14
24493,2025-08-02T07:46:43,2025-08-02T08:17:19
24494,2025-08-02T08:18:02,2025-08-02T08:48:22
24495,2025-08-02T08:50:23,2025-08-02T09:05:42
24496,2025-08-02T09:09:07,2025-08-02T09:24:37
24497,2025-08-02T09:29:25,2025-08-02T09:45:46
24498,2025-08-02T09:47:11,2025-08-02T10:03:19
24499,2025-08-02T10:07:30,2025-08-02T10:37:26
24500,2025-08-02T10:37:47,2025-08-02T11:08:13
24501,2025-08-02T11:23:23,2025-08-02T11:53:17
24502,2025-08-02T11:53:42,2025-08-02T12:24:14
24503,2025-08-02T12:24:33,2025-08-02T12:55:29
24504,2025-08-02T12:55:52,2025-08-02T13:26:20
24505,2025-08-02T13:26:49,2025-08-02T13:57:51
24506,2025-08-02T13:58:18,2025-08-02T14:28:24
24507,2025-08-02T14:28:47,2025-08-02T14:59:15
24508,2025-08-02T15:12:27,2025-08-02T15:36:54
24509,2025-08-02T17:54:22,2025-08-02T18:30:26
24510,2025-08-02T18:31:05,2025-08-02T19:01:23
24511,2025-08-02T19:01:54,2025-08-02T19:32:16
24512,2025-08-02T19:32:51,2025-08-02T20:05:31
24513,2025-08-02T20:13:15,2025-08-02T20:43:17
24514,2025-08-02T20:43:38,2025-08-02T21:14:16
24515,2025-08-02T21:14:33,2025-08-02T21:44:17
24516,2025-08-02T21:49:11,2025-08-02T22:42:38
24518,2025-08-02T22:44:11,2025-08-02T22:48:18
24521,2025-08-02T23:01:46,2025-08-02T23:32:02
24522,2025-08-02T23:32:41,2025-08-03T00:03:46
24523,2025-08-03T00:05:15,2025-08-03T00:35:23
24524,2025-08-03T00:36:58,2025-08-03T01:07:39
24525,2025-08-03T01:10:18,2025-08-03T01:40:42
24526,2025-08-03T01:46:56,2025-08-03T02:18:06
24527,2025-08-03T02:19:19,2025-08-03T02:49:47
24528,2025-08-03T02:51:28,2025-08-03T03:21:22
24529,2025-08-03T03:22:59,2025-08-03T03:57:05
24530,2025-08-03T04:00:52,2025-08-03T04:34:20
24531,2025-08-03T04:35:34,2025-08-03T05:06:16
24532,2025-08-03T05:07:19,2025-08-03T05:38:23
24533,2025-08-03T05:39:33,2025-08-03T06:10:25
24534,2025-08-03T06:11:22,2025-08-03T06:50:52
24535,2025-08-03T06:51:55,2025-08-03T07:23:23
24536,2025-08-03T11:49:45,2025-08-03T12:06:21
24537,2025-08-03T12:08:36,2025-08-03T12:17:29
24538,2025-08-03T13:08:28,2025-08-03T13:13:51
24539,2025-08-03T13:24:45,2025-08-03T13:25:32
24540,2025-08-03T13:38:11,2025-08-03T13:38:50
24541,2025-08-03T14:10:33,2025-08-03T14:36:13
24542,2025-08-03T14:44:34,2025-08-03T14:45:17
24543,2025-08-03T14:58:46,2025-08-03T15:14:26
24544,2025-08-03T15:17:01,2025-08-03T15:42:33
24545,2025-08-03T15:51:15,2025-08-03T16:07:32
24546,2025-08-03T16:10:25,2025-08-03T16:28:33
24547,2025-08-03T16:34:52,2025-08-03T16:54:36
24548,2025-08-03T16:56:19,2025-08-03T17:00:19
24549,2025-08-03T17:01:46,2025-08-03T17:34:16
24550,2025-08-03T17:38:09,2025-08-03T17:57:37
24551,2025-08-03T17:59:50,2025-08-03T18:25:31
24552,2025-08-03T18:42:37,2025-08-03T18:45:03
24553,2025-08-03T18:45:18,2025-08-03T19:10:42
24554,2025-08-03T19:18:51,2025-08-03T19:47:41
24555,2025-08-03T19:54:28,2025-08-03T20:20:28
24556,2025-08-03T20:25:21,2025-08-03T20:52:45
24557,2025-08-03T20:55:50,2025-08-03T21:21:28
24558,2025-08-03T21:27:19,2025-08-03T22:14:26
24559,2025-08-03T22:21:07,2025-08-03T23:01:49
24560,2025-08-03T23:09:02,2025-08-03T23:51:40
24561,2025-08-03T23:56:45,2025-08-04T00:38:32
24562,2025-08-04T00:39:31,2025-08-04T01:29:37
24571,2025-08-04T08:23:01,2025-08-04T08:25:32
24572,2025-08-04T10:54:34,2025-08-04T11:14:17
24573,2025-08-04T11:18:03,2025-08-04T11:46:52
24574,2025-08-04T11:56:48,2025-08-04T12:20:02
24575,2025-08-04T12:20:45,2025-08-04T12:47:53
24576,2025-08-04T12:59:21,2025-08-04T13:16:59
24577,2025-08-04T13:17:48,2025-08-04T13:34:48
24578,2025-08-04T13:44:05,2025-08-04T14:08:35
24579,2025-08-04T14:09:26,2025-08-04T14:38:29
24580,2025-08-04T14:44:06,2025-08-04T15:01:47
24581,2025-08-04T15:02:51,2025-08-04T15:28:40
24582,2025-08-04T15:38:42,2025-08-04T16:05:50
24583,2025-08-04T16:15:44,2025-08-04T16:44:26
24584,2025-08-04T16:48:51,2025-08-04T17:18:01
24585,2025-08-04T17:24:52,2025-08-04T17:41:12
24586,2025-08-04T22:10:36,2025-08-04T22:12:19
24587,2025-08-04T22:53:23,2025-08-04T23:05:57
24588,2025-08-04T23:11:34,2025-08-04T23:38:48
24589,2025-08-04T23:58:50,2025-08-05T00:40:30
24590,2025-08-05T00:40:59,2025-08-05T01:21:21
24591,2025-08-05T01:32:29,2025-08-05T02:15:23
24592,2025-08-05T02:15:58,2025-08-05T02:56:28
24593,2025-08-05T03:03:14,2025-08-05T03:50:48
24594,2025-08-05T03:51:35,2025-08-05T04:32:17
24595,2025-08-05T04:40:05,2025-08-05T05:21:13
24596,2025-08-05T05:28:36,2025-08-05T06:09:21
24597,2025-08-05T06:09:52,2025-08-05T07:00:16
24598,2025-08-05T07:12:20,2025-08-05T08:04:48
24599,2025-08-05T08:05:29,2025-08-05T08:56:34
24600,2025-08-05T09:06:59,2025-08-05T10:16:50
24601,2025-08-05T11:00:38,2025-08-05T11:42:19
24602,2025-08-05T11:58:30,2025-08-05T12:39:55
24603,2025-08-05T12:46:54,2025-08-05T13:29:40
24604,2025-08-05T13:37:57,2025-08-05T14:20:36
24605,2025-08-05T14:25:03,2025-08-05T15:05:19
24606,2025-08-05T15:13:06,2025-08-05T16:05:49
24607,2025-08-05T16:09:20,2025-08-05T17:00:35
24608,2025-08-05T17:05:04,2025-08-05T17:56:24
24609,2025-08-05T18:03:01,2025-08-05T18:54:42
24610,2025-08-05T18:59:25,2025-08-05T19:50:54
24611,2025-08-05T21:00:23,2025-08-05T21:04:46
24612,2025-08-05T21:29:56,2025-08-05T22:01:10
24613,2025-08-05T22:01:23,2025-08-05T22:32:17
24614,2025-08-05T22:32:34,2025-08-05T23:04:18
24615,2025-08-05T23:04:31,2025-08-05T23:35:49
24616,2025-08-05T23:36:13,2025-08-06T00:06:40
24617,2025-08-06T00:07:36,2025-08-06T00:38:28
24618,2025-08-06T00:39:02,2025-08-06T01:09:18
24619,2025-08-06T01:10:04,2025-08-06T01:25:47
24620,2025-08-06T01:51:55,2025-08-06T02:06:47
24621,2025-08-06T23:07:01,2025-08-06T23:37:51
24622,2025-08-06T23:39:02,2025-08-07T00:09:24
24623,2025-08-07T00:16:22,2025-08-07T00:38:16
24624,2025-08-07T01:24:26,2025-08-07T01:36:16
24625,2025-08-07T01:39:13,2025-08-07T01:59:45
24626,2025-08-07T02:00:36,2025-08-07T02:15:48
24627,2025-08-07T02:52:48,2025-08-07T03:23:20
24628,2025-08-07T03:23:57,2025-08-07T03:54:43
24629,2025-08-07T03:55:14,2025-08-07T04:27:48
24630,2025-08-07T04:28:03,2025-08-07T04:59:39
24631,2025-08-07T05:00:36,2025-08-07T05:30:58
24632,2025-08-07T05:31:13,2025-08-07T06:01:15
24633,2025-08-07T06:01:28,2025-08-07T06:11:32
24634,2025-08-07T06:48:50,2025-08-07T07:20:40
24635,2025-08-07T07:21:39,2025-08-07T07:51:59
24636,2025-08-07T07:53:52,2025-08-07T08:36:47
24637,2025-08-07T08:43:36,2025-08-07T09:02:04
24638,2025-08-07T09:05:21,2025-08-07T09:06:40
24639,2025-08-07T15:40:03,2025-08-07T18:43:43
24640,2025-08-07T19:22:13,2025-08-07T19:44:49
24641,2025-08-07T19:52:54,2025-08-07T20:25:04
24642,2025-08-07T20:25:29,2025-08-07T20:56:18
24643,2025-08-07T20:56:37,2025-08-07T21:27:23
24644,2025-08-07T21:29:24,2025-08-07T21:45:48
24645,2025-08-07T21:46:51,2025-08-07T22:03:55
24646,2025-08-07T22:26:55,2025-08-07T23:05:21
24647,2025-08-07T23:05:44,2025-08-07T23:39:10
24648,2025-08-07T23:39:29,2025-08-08T00:09:15
24649,2025-08-08T00:09:58,2025-08-08T00:40:24
24650,2025-08-08T00:40:47,2025-08-08T01:11:17
24651,2025-08-08T01:12:32,2025-08-08T01:42:44
24652,2025-08-08T01:44:55,2025-08-08T02:01:05
24653,2025-08-08T02:02:28,2025-08-08T02:17:47
24654,2025-08-08T02:33:47,2025-08-08T03:04:21
24655,2025-08-08T03:04:36,2025-08-08T03:37:16
24656,2025-08-08T03:37:29,2025-08-08T04:08:51
24657,2025-08-08T04:09:10,2025-08-08T04:39:54
24658,2025-08-08T04:40:09,2025-08-08T05:10:17
24659,2025-08-08T05:10:40,2025-08-08T05:41:18
24660,2025-08-08T05:41:39,2025-08-08T06:00:51
24661,2025-08-08T06:25:37,2025-08-08T06:55:17
24662,2025-08-08T06:55:46,2025-08-08T07:26:48
24663,2025-08-08T07:28:59,2025-08-08T07:45:45
24664,2025-08-08T07:45:58,2025-08-08T07:46:31
24665,2025-08-08T07:50:50,2025-08-08T08:08:34
24666,2025-08-08T08:27:42,2025-08-08T09:06:20
24667,2025-08-08T09:06:49,2025-08-08T09:38:15
24668,2025-08-08T11:00:35,2025-08-08T11:33:27
24669,2025-08-08T11:33:52,2025-08-08T12:07:52
24670,2025-08-08T12:08:19,2025-08-08T12:41:26
24671,2025-08-08T12:42:05,2025-08-08T13:13:00
24672,2025-08-08T13:15:06,2025-08-08T13:54:32
24673,2025-08-08T13:56:45,2025-08-08T14:29:21
24674,2025-08-08T14:35:10,2025-08-08T15:26:21
24675,2025-08-08T15:28:20,2025-08-08T16:02:00
24676,2025-08-08T16:02:25,2025-08-08T16:32:15
24677,2025-08-08T16:32:38,2025-08-08T17:03:26
24678,2025-08-08T17:03:51,2025-08-08T17:33:23
24679,2025-08-08T17:33:44,2025-08-08T18:04:16
24680,2025-08-08T18:05:09,2025-08-08T18:45:00
24681,2025-08-08T18:47:41,2025-08-08T19:18:15
24682,2025-08-08T19:20:42,2025-08-08T19:51:44
24683,2025-08-08T19:54:07,2025-08-08T20:06:44
24684,2025-08-08T20:22:40,2025-08-08T20:53:14
24685,2025-08-08T20:53:39,2025-08-08T21:24:41
24686,2025-08-08T21:25:34,2025-08-08T21:54:50
24687,2025-08-08T22:00:05,2025-08-08T22:31:32
24688,2025-08-08T22:31:46,2025-08-08T23:04:33
24689,2025-08-09T00:35:44,2025-08-09T00:37:18
24690,2025-08-09T03:18:28,2025-08-09T03:49:57
24691,2025-08-09T03:50:46,2025-08-09T04:21:46
24692,2025-08-09T04:22:11,2025-08-09T04:53:18
24693,2025-08-09T04:53:29,2025-08-09T05:25:25
24694,2025-08-09T05:25:44,2025-08-09T05:56:24
24695,2025-08-09T05:56:41,2025-08-09T06:27:15
24696,2025-08-09T06:27:36,2025-08-09T06:34:20
24697,2025-08-09T06:38:51,2025-08-09T07:09:19
24698,2025-08-09T07:09:42,2025-08-09T07:40:16
24699,2025-08-09T07:40:31,2025-08-09T08:16:07
24700,2025-08-09T08:16:32,2025-08-09T08:22:36
24701,2025-08-09T08:58:08,2025-08-09T09:34:09
24702,2025-08-09T09:35:47,2025-08-09T10:13:27
24703,2025-08-09T10:14:34,2025-08-09T10:59:20
24704,2025-08-09T11:00:14,2025-08-09T11:02:39
24705,2025-08-09T11:04:12,2025-08-09T11:21:22
24706,2025-08-09T11:23:47,2025-08-09T11:46:39
24707,2025-08-09T12:28:21,2025-08-09T13:02:45
24708,2025-08-09T13:03:20,2025-08-09T13:33:20
24709,2025-08-09T13:33:51,2025-08-09T14:05:55
24710,2025-08-09T14:06:34,2025-08-09T14:37:30
24711,2025-08-09T14:42:37,2025-08-09T15:04:09
24712,2025-08-09T15:09:02,2025-08-09T15:27:56
24713,2025-08-09T15:43:19,2025-08-09T16:20:17
24714,2025-08-09T16:20:53,2025-08-09T16:59:03
24715,2025-08-09T16:59:44,2025-08-09T17:37:00
24716,2025-08-09T17:37:33,2025-08-09T18:15:57
24717,2025-08-09T18:16:24,2025-08-09T18:51:22
24718,2025-08-09T18:51:43,2025-08-09T19:31:42
24719,2025-08-09T19:32:13,2025-08-09T20:03:03
24720,2025-08-09T20:05:28,2025-08-09T20:41:12
24721,2025-08-09T20:41:35,2025-08-09T21:16:23
24722,2025-08-09T21:16:46,2025-08-09T21:50:11
24723,2025-08-09T21:50:36,2025-08-09T22:24:44
24724,2025-08-09T22:27:13,2025-08-09T23:02:43
24725,2025-08-09T23:03:10,2025-08-09T23:40:58
24726,2025-08-09T23:41:31,2025-08-10T00:12:09
24727,2025-08-10T00:13:59,2025-08-10T00:45:23
24728,2025-08-10T00:48:12,2025-08-10T01:19:24
24729,2025-08-10T01:21:06,2025-08-10T01:52:42
24730,2025-08-10T02:03:10,2025-08-10T02:34:30
24731,2025-08-10T02:37:18,2025-08-10T03:12:08
24732,2025-08-10T03:14:44,2025-08-10T03:45:24
24733,2025-08-10T03:49:50,2025-08-10T04:21:12
24734,2025-08-10T04:37:21,2025-08-10T05:08:22
24735,2025-08-10T05:10:52,2025-08-10T05:43:27
24737,2025-08-10T05:45:08,2025-08-10T06:03:14
24738,2025-08-10T09:32:01,2025-08-10T10:08:08
24739,2025-08-10T10:08:53,2025-08-10T10:45:35
24740,2025-08-10T10:46:00,2025-08-10T11:18:02
24741,2025-08-10T11:18:41,2025-08-10T11:49:53
24742,2025-08-10T11:50:26,2025-08-10T12:40:27
24743,2025-08-10T12:41:10,2025-08-10T13:18:13
24744,2025-08-10T13:20:04,2025-08-10T14:03:36
24745,2025-08-10T16:40:44,2025-08-10T17:15:56
24746,2025-08-10T17:51:52,2025-08-10T18:22:48
24747,2025-08-10T18:24:40,2025-08-10T18:58:26
24748,2025-08-10T19:00:17,2025-08-10T19:35:59
24749,2025-08-10T19:38:36,2025-08-10T19:42:59
24750,2025-08-10T19:44:22,2025-08-10T20:00:50
24751,2025-08-10T20:15:43,2025-08-10T20:19:03
24752,2025-08-10T20:24:56,2025-08-10T20:43:42
24753,2025-08-10T20:52:29,2025-08-10T21:05:27
24754,2025-08-10T21:42:11,2025-08-10T21:47:07
24755,2025-08-10T23:04:42,2025-08-10T23:40:26
24756,2025-08-10T23:41:07,2025-08-11T00:26:44
24757,2025-08-11T00:28:59,2025-08-11T00:38:41
24758,2025-08-11T00:45:11,2025-08-11T01:27:33
24759,2025-08-11T01:30:26,2025-08-11T02:02:27
24760,2025-08-11T02:10:29,2025-08-11T02:13:28
24761,2025-08-11T02:17:04,2025-08-11T02:21:27
24762,2025-08-11T02:23:45,2025-08-11T02:43:02
24764,2025-08-11T02:47:04,2025-08-11T02:49:47
24765,2025-08-11T02:52:23,2025-08-11T03:11:08
24766,2025-08-11T03:25:16,2025-08-11T03:58:56
24767,2025-08-11T04:06:28,2025-08-11T04:38:22
24768,2025-08-11T04:40:16,2025-08-11T05:14:38
24769,2025-08-11T05:16:22,2025-08-11T05:33:21
24770,2025-08-11T06:47:21,2025-08-11T07:35:54
24771,2025-08-11T08:19:02,2025-08-11T08:21:21
24772,2025-08-11T08:24:48,2025-08-11T08:55:36
24773,2025-08-11T08:58:21,2025-08-11T09:28:33
24774,2025-08-11T09:30:27,2025-08-11T10:01:35
24775,2025-08-11T10:13:43,2025-08-11T10:46:23
24776,2025-08-11T10:46:52,2025-08-11T11:19:02
24777,2025-08-11T11:19:25,2025-08-11T11:52:31
24778,2025-08-11T11:54:42,2025-08-11T12:26:46
24779,2025-08-11T13:11:07,2025-08-11T13:46:05
24780,2025-08-11T13:47:04,2025-08-11T14:20:10
24781,2025-08-11T14:21:35,2025-08-11T14:52:21
24782,2025-08-11T14:52:49,2025-08-11T15:32:15
24783,2025-08-11T15:32:32,2025-08-11T16:04:10
24784,2025-08-11T16:06:03,2025-08-11T16:36:25
24785,2025-08-11T16:37:23,2025-08-11T17:11:43
24786,2025-08-11T17:12:40,2025-08-11T17:46:58
24787,2025-08-11T17:48:00,2025-08-11T18:18:24
24788,2025-08-11T18:19:37,2025-08-11T18:52:41
24789,2025-08-11T18:53:49,2025-08-11T19:24:21
24790,2025-08-11T19:27:25,2025-08-11T19:58:15
24791,2025-08-11T20:00:33,2025-08-11T20:31:21
24792,2025-08-11T20:32:52,2025-08-11T20:48:54
24793,2025-08-11T20:50:42,2025-08-11T21:07:51
24794,2025-08-11T21:14:17,2025-08-11T21:36:26
24795,2025-08-11T21:42:28,2025-08-11T22:13:32
24796,2025-08-11T22:14:49,2025-08-11T22:18:11
24797,2025-08-11T23:05:38,2025-08-11T23:36:22
24798,2025-08-11T23:38:06,2025-08-12T00:12:38
24799,2025-08-12T00:14:23,2025-08-12T00:17:00
24800,2025-08-12T00:17:11,2025-08-12T00:59:20
24801,2025-08-12T00:59:39,2025-08-12T01:00:49
24802,2025-08-12T01:01:44,2025-08-12T01:17:53
24803,2025-08-12T01:29:30,2025-08-12T01:59:57
24804,2025-08-12T02:01:06,2025-08-12T02:32:32
24805,2025-08-12T02:33:07,2025-08-12T03:05:09
24806,2025-08-12T03:05:23,2025-08-12T03:35:21
24807,2025-08-12T03:35:38,2025-08-12T04:06:20
24808,2025-08-12T04:06:35,2025-08-12T04:39:09
24809,2025-08-12T04:39:20,2025-08-12T05:10:00
24810,2025-08-12T05:10:11,2025-08-12T05:40:30
24811,2025-08-12T05:40:43,2025-08-12T06:13:25
24812,2025-08-12T06:15:52,2025-08-12T06:48:34
24813,2025-08-12T06:49:51,2025-08-12T07:12:41
24814,2025-08-12T07:25:19,2025-08-12T07:56:09
24815,2025-08-12T07:56:20,2025-08-12T08:26:28
24816,2025-08-12T08:27:09,2025-08-12T08:57:53
24817,2025-08-12T08:58:20,2025-08-12T09:34:15
24818,2025-08-12T10:15:51,2025-08-12T10:48:21
24819,2025-08-12T10:48:44,2025-08-12T11:23:10
24820,2025-08-12T11:23:33,2025-08-12T12:00:10
24821,2025-08-12T12:06:53,2025-08-12T12:39:41
24822,2025-08-12T12:40:08,2025-08-12T13:10:58
24823,2025-08-12T13:11:31,2025-08-12T13:46:16
24824,2025-08-12T13:58:47,2025-08-12T14:29:19
24825,2025-08-12T14:30:16,2025-08-12T15:02:16
24826,2025-08-12T15:02:41,2025-08-12T15:35:19
24827,2025-08-12T15:36:14,2025-08-12T16:07:22
24828,2025-08-12T16:09:39,2025-08-12T16:49:26
24829,2025-08-12T17:36:28,2025-08-12T18:09:04
24830,2025-08-12T18:10:08,2025-08-12T18:41:34
24831,2025-08-12T18:42:45,2025-08-12T19:13:25
24832,2025-08-12T19:15:02,2025-08-12T19:45:37
24833,2025-08-12T20:02:05,2025-08-12T20:06:22
24834,2025-08-12T20:07:19,2025-08-12T20:19:56
24835,2025-08-12T20:59:38,2025-08-12T21:07:06
24836,2025-08-12T21:12:23,2025-08-12T21:20:29
24837,2025-08-12T21:30:20,2025-08-12T21:43:52
24838,2025-08-12T21:45:41,2025-08-12T21:58:53
24839,2025-08-12T22:02:16,2025-08-12T22:15:40
24840,2025-08-12T22:17:12,2025-08-12T22:32:37
24841,2025-08-12T22:34:37,2025-08-12T22:48:02
24842,2025-08-12T22:51:30,2025-08-12T23:04:49
24843,2025-08-12T23:12:39,2025-08-12T23:19:59
24844,2025-08-12T23:37:26,2025-08-12T23:51:00
24845,2025-08-12T23:52:26,2025-08-13T00:05:57
24846,2025-08-13T00:11:25,2025-08-13T00:21:44
24847,2025-08-13T07:46:01,2025-08-13T07:58:59
24848,2025-08-13T07:59:12,2025-08-13T08:40:54
24849,2025-08-13T08:41:33,2025-08-13T08:43:10
24850,2025-08-13T08:43:57,2025-08-13T08:44:45
24851,2025-08-13T08:45:06,2025-08-13T08:49:43
24852,2025-08-13T08:49:56,2025-08-13T09:10:48
24853,2025-08-13T09:11:09,2025-08-13T09:15:14
24854,2025-08-13T09:16:11,2025-08-13T09:30:45
24855,2025-08-13T09:32:32,2025-08-13T09:33:31
24856,2025-08-13T09:34:00,2025-08-13T09:35:17
24857,2025-08-13T09:36:30,2025-08-13T09:37:06
24858,2025-08-13T09:37:17,2025-08-13T10:15:35
24859,2025-08-13T10:16:21,2025-08-13T10:48:16
24861,2025-08-13T20:44:31,2025-08-13T21:18:33
24862,2025-08-13T21:19:11,2025-08-13T21:50:23
24863,2025-08-13T21:50:54,2025-08-13T22:26:48
24864,2025-08-13T22:27:23,2025-08-13T23:05:19
24865,2025-08-13T23:37:10,2025-08-14T00:07:33
24866,2025-08-14T00:08:45,2025-08-14T00:40:13
24867,2025-08-14T00:41:36,2025-08-14T01:12:26
24868,2025-08-14T01:24:59,2025-08-14T01:55:21
24869,2025-08-14T01:56:14,2025-08-14T01:59:08
24870,2025-08-14T05:54:26,2025-08-14T06:37:21
24871,2025-08-14T06:38:20,2025-08-14T07:10:18
24872,2025-08-14T07:10:35,2025-08-14T07:42:39
24873,2025-08-14T07:43:17,2025-08-14T08:15:53
24874,2025-08-14T08:18:48,2025-08-14T08:32:50
24875,2025-08-14T12:31:04,2025-08-14T12:37:06
24876,2025-08-14T13:29:02,2025-08-14T13:33:42
24877,2025-08-14T14:52:23,2025-08-14T14:58:07
24878,2025-08-14T14:59:06,2025-08-14T15:19:48
24879,2025-08-14T15:20:49,2025-08-14T15:26:36
24880,2025-08-14T15:26:49,2025-08-14T16:07:26
24881,2025-08-14T16:07:45,2025-08-14T16:43:37
24882,2025-08-14T16:44:58,2025-08-14T17:15:22
24884,2025-08-14T17:52:24,2025-08-14T18:08:00
24885,2025-08-14T18:08:47,2025-08-14T18:26:43
24886,2025-08-14T21:42:02,2025-08-14T22:14:26
24887,2025-08-14T22:14:49,2025-08-14T22:45:31
24888,2025-08-14T22:46:30,2025-08-14T23:16:46
24889,2025-08-14T23:18:29,2025-08-14T23:49:56
24890,2025-08-14T23:52:19,2025-08-15T00:25:46
24891,2025-08-15T00:37:01,2025-08-15T00:55:21
24892,2025-08-15T01:02:26,2025-08-15T01:20:38
24893,2025-08-15T01:33:27,2025-08-15T02:06:30
24894,2025-08-15T02:06:56,2025-08-15T02:37:21
24895,2025-08-15T02:38:33,2025-08-15T02:58:17
24896,2025-08-15T02:59:52,2025-08-15T03:22:29
24897,2025-08-15T03:43:56,2025-08-15T04:16:10
24898,2025-08-15T04:25:30,2025-08-15T05:15:03
24899,2025-08-15T05:17:42,2025-08-15T05:49:30
24900,2025-08-15T05:52:59,2025-08-15T06:13:14
24901,2025-08-15T06:15:34,2025-08-15T06:32:07
24902,2025-08-15T06:59:03,2025-08-15T07:27:09
24903,2025-08-15T07:31:30,2025-08-15T08:15:29
24904,2025-08-15T08:15:42,2025-08-15T12:16:58
24906,2025-08-15T12:17:54,2025-08-15T12:25:41
24907,2025-08-15T13:17:44,2025-08-15T14:09:24
24908,2025-08-15T14:10:10,2025-08-15T14:43:16
24909,2025-08-15T14:45:13,2025-08-15T15:22:25
24910,2025-08-15T15:23:14,2025-08-15T15:57:38
24911,2025-08-15T15:59:57,2025-08-15T16:16:41
24912,2025-08-15T16:18:51,2025-08-15T16:36:35
24913,2025-08-15T16:47:11,2025-08-15T17:23:41
24914,2025-08-15T17:24:18,2025-08-15T17:46:50
24915,2025-08-15T17:50:49,2025-08-15T18:17:31
24916,2025-08-15T18:18:14,2025-08-15T19:01:18
24917,2025-08-15T19:02:49,2025-08-15T19:15:45
24918,2025-08-15T19:58:53,2025-08-15T20:00:18
24919,2025-08-15T20:00:57,2025-08-15T20:01:52
24920,2025-08-15T21:34:08,2025-08-15T22:09:20
24921,2025-08-15T22:11:09,2025-08-15T22:44:12
24922,2025-08-15T22:46:33,2025-08-15T23:05:12
24923,2025-08-15T23:06:09,2025-08-15T23:24:41
24924,2025-08-15T23:33:58,2025-08-16T00:13:41
24925,2025-08-16T00:22:00,2025-08-16T00:38:39
24926,2025-08-16T00:42:19,2025-08-16T00:59:22
24927,2025-08-16T01:20:36,2025-08-16T01:42:34
24928,2025-08-16T11:39:51,2025-08-16T12:14:11
24929,2025-08-16T12:14:54,2025-08-16T12:36:24
24930,2025-08-16T12:38:21,2025-08-16T13:08:17
24931,2025-08-16T13:12:06,2025-08-16T13:33:26
24932,2025-08-16T13:36:01,2025-08-16T13:53:30
24933,2025-08-16T14:11:08,2025-08-16T14:47:07
24934,2025-08-16T14:47:20,2025-08-16T15:21:56
24935,2025-08-16T15:22:37,2025-08-16T15:56:01
24936,2025-08-16T15:57:28,2025-08-16T16:17:30
24937,2025-08-16T16:19:31,2025-08-16T16:40:01
24938,2025-08-16T16:52:30,2025-08-16T17:25:18
24939,2025-08-16T17:25:53,2025-08-16T17:41:45
24940,2025-08-16T17:43:00,2025-08-16T17:43:35
24941,2025-08-16T17:44:36,2025-08-16T17:46:37
24942,2025-08-16T17:48:09,2025-08-16T17:48:58
24943,2025-08-16T17:52:42,2025-08-16T18:31:14
24944,2025-08-16T18:31:57,2025-08-16T19:09:49
24945,2025-08-16T19:10:06,2025-08-16T19:35:17
24946,2025-08-16T19:36:42,2025-08-16T20:09:22
24947,2025-08-16T20:09:35,2025-08-16T20:42:37
24948,2025-08-16T20:48:46,2025-08-16T21:32:55
24949,2025-08-16T21:33:10,2025-08-16T22:06:16
24950,2025-08-16T22:07:33,2025-08-16T22:40:17
24951,2025-08-16T22:41:04,2025-08-16T23:23:52
24952,2025-08-16T23:32:14,2025-08-17T00:24:10
24953,2025-08-17T00:33:39,2025-08-17T01:06:55
24954,2025-08-17T01:07:20,2025-08-17T01:41:30
24955,2025-08-17T01:43:16,2025-08-17T02:18:12
24956,2025-08-17T02:24:25,2025-08-17T02:57:55
24957,2025-08-17T03:22:57,2025-08-17T03:40:03
24958,2025-08-17T03:40:54,2025-08-17T04:12:18
24959,2025-08-17T04:12:43,2025-08-17T04:46:27
24960,2025-08-17T05:14:31,2025-08-17T05:41:47
24961,2025-08-17T05:45:54,2025-08-17T06:20:32
24962,2025-08-17T06:20:56,2025-08-17T06:52:54
24963,2025-08-17T06:53:25,2025-08-17T06:54:58
24964,2025-08-17T06:59:53,2025-08-17T07:36:11
24965,2025-08-17T07:38:40,2025-08-17T08:22:44
24966,2025-08-17T08:23:03,2025-08-17T08:58:16
24967,2025-08-17T09:02:05,2025-08-17T09:23:23
24968,2025-08-17T09:24:26,2025-08-17T09:45:35
24969,2025-08-17T09:57:04,2025-08-17T10:28:02
24970,2025-08-17T11:29:40,2025-08-17T12:04:02
24971,2025-08-17T12:04:47,2025-08-17T12:37:57
24972,2025-08-17T12:38:42,2025-08-17T13:10:24
24973,2025-08-17T13:13:45,2025-08-17T13:16:09
24974,2025-08-17T13:17:00,2025-08-17T13:51:44
24975,2025-08-17T13:52:31,2025-08-17T14:31:59
24976,2025-08-17T14:33:06,2025-08-17T14:34:47
24977,2025-08-17T14:35:40,2025-08-17T14:36:28
24978,2025-08-17T14:37:03,2025-08-17T14:53:49
24979,2025-08-17T14:55:40,2025-08-17T14:56:37
24980,2025-08-17T14:57:12,2025-08-17T15:15:16
24981,2025-08-17T15:26:23,2025-08-17T16:00:23
24982,2025-08-17T16:00:45,2025-08-17T16:33:21
24983,2025-08-17T16:35:48,2025-08-17T16:51:23
24984,2025-08-17T16:52:39,2025-08-17T17:10:56
24985,2025-08-17T17:18:21,2025-08-17T17:54:16
24986,2025-08-17T17:54:57,2025-08-17T18:30:31
24987,2025-08-17T18:31:00,2025-08-17T19:01:46
24988,2025-08-17T19:03:15,2025-08-17T19:33:47
24989,2025-08-17T19:36:10,2025-08-17T19:51:48
24990,2025-08-17T19:53:11,2025-08-17T20:13:47
24991,2025-08-17T20:21:30,2025-08-17T20:54:56
24992,2025-08-17T20:55:12,2025-08-17T21:30:50
24993,2025-08-17T21:46:32,2025-08-17T22:26:51
24995,2025-08-17T22:27:08,2025-08-17T23:00:12
24996,2025-08-17T23:02:03,2025-08-17T23:22:49
24997,2025-08-17T23:25:06,2025-08-17T23:41:04
24998,2025-08-17T23:51:32,2025-08-18T00:27:30
24999,2025-08-18T00:27:49,2025-08-18T01:06:01
25000,2025-08-18T01:08:28,2025-08-18T01:43:30
25001,2025-08-18T01:43:54,2025-08-18T02:17:20
25002,2025-08-18T02:31:25,2025-08-18T03:06:01
25003,2025-08-18T03:06:26,2025-08-18T03:37:20
25004,2025-08-18T03:45:34,2025-08-18T04:19:54
25005,2025-08-18T04:20:17,2025-08-18T04:50:21
25006,2025-08-18T06:23:35,2025-08-18T07:00:16
25007,2025-08-18T07:12:11,2025-08-18T07:44:03
25008,2025-08-18T07:44:22,2025-08-18T07:50:16
25009,2025-08-18T19:31:21,2025-08-18T19:36:56
25010,2025-08-18T19:54:04,2025-08-18T20:26:18
25011,2025-08-18T20:26:45,2025-08-18T20:58:25
25012,2025-08-18T20:59:08,2025-08-18T21:32:10
25013,2025-08-18T21:32:42,2025-08-18T21:52:44
25014,2025-08-18T21:54:01,2025-08-18T22:10:18
25015,2025-08-18T22:16:44,2025-08-18T22:17:39
25016,2025-08-18T22:19:42,2025-08-18T22:47:44
25017,2025-08-18T22:55:59,2025-08-18T23:39:05
25018,2025-08-18T23:39:58,2025-08-19T00:13:38
25019,2025-08-19T00:17:08,2025-08-19T00:50:02
25020,2025-08-19T00:51:49,2025-08-19T01:24:57
25021,2025-08-19T01:27:46,2025-08-19T01:44:24
25022,2025-08-19T01:47:15,2025-08-19T02:04:45
25023,2025-08-19T02:16:16,2025-08-19T02:33:48
25024,2025-08-19T02:35:23,2025-08-19T02:53:07
25025,2025-08-19T03:10:18,2025-08-19T03:16:06
25026,2025-08-19T06:02:14,2025-08-19T06:35:20
25027,2025-08-19T06:36:00,2025-08-19T07:10:26
25028,2025-08-19T07:11:19,2025-08-19T07:27:31
25029,2025-08-19T07:29:06,2025-08-19T07:47:23
25030,2025-08-19T07:58:37,2025-08-19T08:34:45
25031,2025-08-19T08:35:46,2025-08-19T08:58:58
25032,2025-08-19T16:56:39,2025-08-19T17:02:51
25033,2025-08-19T17:04:42,2025-08-19T17:11:09
25034,2025-08-19T17:19:24,2025-08-19T17:35:16
25035,2025-08-19T17:35:43,2025-08-19T18:11:21
25036,2025-08-19T18:16:50,2025-08-19T18:35:46
25037,2025-08-19T18:36:39,2025-08-19T18:57:13
25038,2025-08-19T19:13:15,2025-08-19T19:44:13
25039,2025-08-19T19:44:26,2025-08-19T19:53:09
25040,2025-08-19T20:43:38,2025-08-19T21:03:14
25041,2025-08-19T21:05:49,2025-08-19T21:39:25
25042,2025-08-19T21:41:32,2025-08-19T21:56:18
25043,2025-08-19T21:57:39,2025-08-19T22:15:57
25044,2025-08-19T22:28:50,2025-08-19T22:59:52
25045,2025-08-19T23:00:09,2025-08-19T23:35:29
25046,2025-08-19T23:36:07,2025-08-20T00:09:09
25047,2025-08-20T00:10:38,2025-08-20T00:27:32
25048,2025-08-20T00:28:29,2025-08-20T00:47:25
25049,2025-08-20T01:03:50,2025-08-20T01:37:25
25050,2025-08-20T01:37:38,2025-08-20T02:10:53
25051,2025-08-20T02:11:53,2025-08-20T02:45:53
25052,2025-08-20T02:48:08,2025-08-20T03:20:50
25053,2025-08-20T03:22:29,2025-08-20T03:54:23
25054,2025-08-20T03:57:36,2025-08-20T04:15:36
25055,2025-08-20T04:16:35,2025-08-20T04:31:37
25056,2025-08-20T04:46:32,2025-08-20T05:31:21
25057,2025-08-20T05:32:16,2025-08-20T05:48:02
25058,2025-08-20T05:48:39,2025-08-20T06:05:04
25059,2025-08-20T06:12:52,2025-08-20T06:43:55
25060,2025-08-20T06:44:15,2025-08-20T07:17:03
25061,2025-08-20T07:28:12,2025-08-20T08:21:25
25062,2025-08-20T17:01:33,2025-08-20T17:32:21
25063,2025-08-20T17:35:18,2025-08-20T17:58:20
25064,2025-08-20T19:10:32,2025-08-20T19:32:26
25065,2025-08-20T19:41:37,2025-08-20T20:15:25
25066,2025-08-20T20:15:44,2025-08-20T20:50:14
25067,2025-08-20T20:50:27,2025-08-20T21:22:59
25068,2025-08-20T21:23:19,2025-08-20T21:57:37
25069,2025-08-20T22:02:26,2025-08-20T22:36:32
25070,2025-08-20T22:36:47,2025-08-20T23:09:51
25071,2025-08-20T23:10:16,2025-08-20T23:45:04
25072,2025-08-20T23:45:35,2025-08-21T00:14:21
25073,2025-08-21T00:16:40,2025-08-21T00:49:50
25074,2025-08-21T00:59:20,2025-08-21T01:30:38
25075,2025-08-21T01:49:37,2025-08-21T01:53:54
25076,2025-08-21T01:57:34,2025-08-21T02:27:56
25077,2025-08-21T02:28:21,2025-08-21T02:59:01
25078,2025-08-21T02:59:28,2025-08-21T03:33:36
25079,2025-08-21T03:35:17,2025-08-21T04:07:29
25080,2025-08-21T04:07:50,2025-08-21T04:39:36
25081,2025-08-21T04:42:33,2025-08-21T05:00:19
25082,2025-08-21T05:01:32,2025-08-21T05:19:28
25083,2025-08-21T05:30:21,2025-08-21T05:59:21
25084,2025-08-21T06:06:11,2025-08-21T06:48:49
25085,2025-08-21T06:49:10,2025-08-21T07:15:36
25086,2025-08-21T13:29:21,2025-08-21T14:04:09
25087,2025-08-21T14:06:37,2025-08-21T14:37:17
25088,2025-08-21T14:37:38,2025-08-21T15:10:26
25089,2025-08-21T15:13:39,2025-08-21T15:29:29
25090,2025-08-21T15:30:42,2025-08-21T15:46:05
25091,2025-08-21T15:46:45,2025-08-21T15:53:16
25092,2025-08-21T16:00:03,2025-08-21T16:44:46
25093,2025-08-21T16:45:11,2025-08-21T17:19:19
25094,2025-08-21T17:20:32,2025-08-21T17:39:01
25095,2025-08-21T17:39:52,2025-08-21T17:59:32
25096,2025-08-21T18:04:11,2025-08-21T18:37:41
25097,2025-08-21T18:38:02,2025-08-21T19:09:06
25098,2025-08-21T19:09:22,2025-08-21T19:44:30
25099,2025-08-21T19:46:09,2025-08-21T20:18:51
25100,2025-08-21T20:22:06,2025-08-21T20:44:00
25102,2025-08-21T20:49:05,2025-08-21T21:34:36
25103,2025-08-21T21:35:25,2025-08-21T22:10:17
25104,2025-08-21T22:10:38,2025-08-21T22:48:03
25105,2025-08-21T22:50:52,2025-08-21T23:24:44
25106,2025-08-21T23:29:12,2025-08-21T23:47:50
25107,2025-08-22T00:26:40,2025-08-22T00:27:25
25108,2025-08-22T00:27:56,2025-08-22T01:00:03
25109,2025-08-22T01:00:20,2025-08-22T01:34:10
25110,2025-08-22T01:34:31,2025-08-22T02:07:51
25111,2025-08-22T02:09:20,2025-08-22T02:40:30
25112,2025-08-22T02:42:20,2025-08-22T03:14:00
25113,2025-08-22T03:19:59,2025-08-22T03:20:32
25114,2025-08-22T03:21:36,2025-08-22T03:57:14
25115,2025-08-22T03:57:43,2025-08-22T04:30:41
25116,2025-08-22T04:31:06,2025-08-22T05:05:55
25117,2025-08-22T05:07:40,2025-08-22T05:41:02
25118,2025-08-22T05:41:49,2025-08-22T05:42:34
25119,2025-08-22T06:03:06,2025-08-22T06:41:12
25120,2025-08-22T06:48:24,2025-08-22T07:20:04
25121,2025-08-22T07:20:35,2025-08-22T07:54:45
25122,2025-08-22T08:27:49,2025-08-22T08:59:09
25123,2025-08-22T08:59:32,2025-08-22T09:30:46
25124,2025-08-22T09:52:54,2025-08-22T10:24:13
25125,2025-08-22T10:25:23,2025-08-22T10:40:45
25126,2025-08-22T10:48:43,2025-08-22T10:54:48
25127,2025-08-22T10:56:01,2025-08-22T11:25:55
25128,2025-08-22T11:26:06,2025-08-22T11:55:42
25129,2025-08-22T11:55:57,2025-08-22T12:26:17
25130,2025-08-22T12:29:43,2025-08-22T12:32:48
25131,2025-08-22T12:33:19,2025-08-22T13:04:31
25132,2025-08-22T13:04:46,2025-08-22T13:31:12
25133,2025-08-22T13:31:43,2025-08-22T13:46:53
25134,2025-08-22T13:53:32,2025-08-22T14:23:04
25135,2025-08-22T14:23:13,2025-08-22T14:52:39
25136,2025-08-22T14:53:47,2025-08-22T15:09:44
25137,2025-08-22T15:09:55,2025-08-22T15:25:19
25138,2025-08-22T15:43:26,2025-08-22T16:21:20
25139,2025-08-22T16:22:19,2025-08-22T16:52:29
25140,2025-08-22T16:53:18,2025-08-22T17:23:34
25141,2025-08-22T17:24:47,2025-08-22T17:55:41
25142,2025-08-22T17:59:55,2025-08-22T18:18:20
25143,2025-08-22T18:20:15,2025-08-22T18:32:33
25144,2025-08-22T18:35:42,2025-08-22T18:41:34
25145,2025-08-22T18:42:55,2025-08-22T18:51:40
25146,2025-08-22T18:59:03,2025-08-22T19:35:18
25147,2025-08-22T19:36:10,2025-08-22T19:55:24
25148,2025-08-22T19:59:11,2025-08-22T20:29:28
25149,2025-08-22T20:30:07,2025-08-22T21:10:23
25150,2025-08-22T21:11:14,2025-08-22T21:46:16
25151,2025-08-22T21:48:23,2025-08-22T22:19:35
25152,2025-08-22T22:21:18,2025-08-22T22:36:50
25153,2025-08-22T22:37:53,2025-08-22T22:53:21
25154,2025-08-22T23:01:58,2025-08-22T23:33:40
25155,2025-08-22T23:35:01,2025-08-22T23:52:03
25156,2025-08-22T23:53:18,2025-08-23T00:10:01
25157,2025-08-23T00:24:13,2025-08-23T00:47:29
25158,2025-08-23T02:27:53,2025-08-23T02:50:47
25159,2025-08-23T03:18:01,2025-08-23T03:55:45
25160,2025-08-23T03:56:02,2025-08-23T03:56:39
25161,2025-08-23T04:03:24,2025-08-23T04:37:19
25163,2025-08-23T04:45:48,2025-08-23T05:21:21
25164,2025-08-23T05:21:48,2025-08-23T06:00:04
25165,2025-08-23T06:00:27,2025-08-23T06:44:25
25166,2025-08-23T06:45:18,2025-08-23T07:20:20
25167,2025-08-23T07:35:52,2025-08-23T08:14:28
25168,2025-08-23T08:14:41,2025-08-23T08:49:05
25169,2025-08-23T08:49:24,2025-08-23T09:21:46
25170,2025-08-23T09:23:48,2025-08-23T09:56:34
25171,2025-08-23T10:08:35,2025-08-23T10:40:46
25172,2025-08-23T10:53:45,2025-08-23T11:12:32
25173,2025-08-23T11:19:50,2025-08-23T11:50:18
25174,2025-08-23T11:50:39,2025-08-23T12:20:59
25175,2025-08-23T12:21:38,2025-08-23T12:52:50
25176,2025-08-23T12:53:39,2025-08-23T13:27:03
25177,2025-08-23T13:27:16,2025-08-23T13:59:11
25178,2025-08-23T14:00:32,2025-08-23T14:15:48
25179,2025-08-23T14:16:55,2025-08-23T14:33:22
25180,2025-08-23T14:39:58,2025-08-23T15:12:28
25181,2025-08-23T15:12:47,2025-08-23T15:45:19
25182,2025-08-23T15:45:31,2025-08-23T16:15:35
25183,2025-08-23T16:17:36,2025-08-23T16:51:23
25184,2025-08-23T16:59:31,2025-08-23T17:32:00
25185,2025-08-23T17:36:34,2025-08-23T18:07:34
25186,2025-08-23T18:09:50,2025-08-23T18:25:15
25187,2025-08-23T18:28:00,2025-08-23T18:58:22
25188,2025-08-23T19:00:01,2025-08-23T19:15:23
25189,2025-08-23T19:23:22,2025-08-23T19:54:17
25190,2025-08-23T19:54:38,2025-08-23T20:25:20
25191,2025-08-23T20:27:13,2025-08-23T20:42:57
25192,2025-08-23T20:50:04,2025-08-23T21:21:52
25193,2025-08-23T21:22:16,2025-08-23T21:53:18
25194,2025-08-23T21:53:41,2025-08-23T22:24:29
25195,2025-08-23T22:29:02,2025-08-23T23:02:32
25196,2025-08-23T23:03:17,2025-08-23T23:34:23
25197,2025-08-23T23:34:55,2025-08-24T00:09:51
25198,2025-08-24T00:10:08,2025-08-24T00:44:28
25199,2025-08-24T01:12:38,2025-08-24T01:16:57
25200,2025-08-24T01:17:14,2025-08-24T01:48:30
25201,2025-08-24T01:48:51,2025-08-24T02:25:31
25202,2025-08-24T02:27:06,2025-08-24T02:57:48
25203,2025-08-24T03:09:00,2025-08-24T03:56:36
25204,2025-08-24T03:58:31,2025-08-24T04:35:18
25205,2025-08-24T04:48:21,2025-08-24T05:21:49
25206,2025-08-24T05:22:28,2025-08-24T05:57:31
25207,2025-08-24T05:57:58,2025-08-24T06:39:56
25208,2025-08-24T06:41:15,2025-08-24T07:12:35
25209,2025-08-24T07:13:23,2025-08-24T07:13:58
25210,2025-08-24T07:14:19,2025-08-24T07:49:15
25211,2025-08-24T07:49:36,2025-08-24T08:21:49
25212,2025-08-24T08:23:06,2025-08-24T08:38:06
25213,2025-08-24T08:39:03,2025-08-24T08:56:18
25214,2025-08-24T09:04:50,2025-08-24T09:37:35
25215,2025-08-24T09:38:38,2025-08-24T09:54:27
25216,2025-08-24T09:55:58,2025-08-24T10:12:36
25217,2025-08-24T10:18:33,2025-08-24T10:49:19
25218,2025-08-24T10:49:38,2025-08-24T11:26:48
25219,2025-08-24T11:27:36,2025-08-24T12:03:16
25220,2025-08-24T12:03:43,2025-08-24T12:38:31
25221,2025-08-24T12:38:42,2025-08-24T13:10:52
25222,2025-08-24T13:16:35,2025-08-24T13:49:43
25223,2025-08-24T14:31:02,2025-08-24T15:06:52
25224,2025-08-24T15:07:37,2025-08-24T15:41:37
25225,2025-08-24T15:42:02,2025-08-24T16:11:46
25226,2025-08-24T16:11:59,2025-08-24T16:35:03
25227,2025-08-24T17:14:25,2025-08-24T17:46:27
25228,2025-08-24T17:46:40,2025-08-24T18:17:48
25229,2025-08-24T18:18:15,2025-08-24T18:48:34
25230,2025-08-24T18:48:47,2025-08-24T19:19:13
25231,2025-08-24T19:22:04,2025-08-24T19:22:55
25232,2025-08-24T19:25:28,2025-08-24T19:39:53
25233,2025-08-24T19:44:41,2025-08-24T20:15:15
25234,2025-08-24T20:15:28,2025-08-24T20:46:34
25235,2025-08-24T20:47:33,2025-08-24T21:17:43
25236,2025-08-24T21:19:06,2025-08-24T21:49:18
25237,2025-08-24T21:49:38,2025-08-24T22:20:20
25238,2025-08-24T22:20:59,2025-08-24T22:36:46
25239,2025-08-24T22:37:14,2025-08-24T22:53:17
25240,2025-08-24T23:00:55,2025-08-24T23:31:17
25241,2025-08-24T23:31:32,2025-08-25T00:02:28
25242,2025-08-25T00:02:52,2025-08-25T00:03:45
25243,2025-08-25T00:05:06,2025-08-25T00:22:12
25244,2025-08-25T00:25:47,2025-08-25T00:44:51
25245,2025-08-25T00:54:18,2025-08-25T01:17:10
25246,2025-08-25T01:20:34,2025-08-25T01:50:06
25247,2025-08-25T01:50:41,2025-08-25T02:25:45
25248,2025-08-25T02:26:04,2025-08-25T03:06:52
25249,2025-08-25T03:08:21,2025-08-25T03:38:50
25250,2025-08-25T03:40:45,2025-08-25T04:10:29
25251,2025-08-25T04:18:34,2025-08-25T04:56:06
25252,2025-08-25T04:56:29,2025-08-25T05:43:48
25253,2025-08-25T05:44:41,2025-08-25T06:00:39
25254,2025-08-25T06:19:16,2025-08-25T06:24:16
25255,2025-08-25T06:25:43,2025-08-25T06:57:13
25256,2025-08-25T06:57:28,2025-08-25T07:26:32
25257,2025-08-25T07:43:20,2025-08-25T07:58:57
25258,2025-08-25T08:01:21,2025-08-25T11:10:39
25259,2025-08-25T11:11:12,2025-08-25T11:43:44
25260,2025-08-25T11:45:11,2025-08-25T12:05:07
25261,2025-08-25T12:08:30,2025-08-25T12:25:18
25262,2025-08-25T12:43:04,2025-08-25T13:20:52
25263,2025-08-25T13:21:23,2025-08-25T13:57:59
25264,2025-08-25T13:59:04,2025-08-25T14:38:11
25265,2025-08-25T14:40:00,2025-08-25T15:13:04
25266,2025-08-25T15:13:43,2025-08-25T15:47:35
25267,2025-08-25T15:49:02,2025-08-25T16:05:52
25268,2025-08-25T16:07:41,2025-08-25T16:23:31
25269,2025-08-25T16:32:12,2025-08-25T17:03:30
25270,2025-08-25T17:04:29,2025-08-25T17:21:37
25271,2025-08-25T17:22:40,2025-08-25T17:38:17
25272,2025-08-25T17:51:45,2025-08-25T18:22:23
25273,2025-08-25T18:22:42,2025-08-25T18:53:18
25274,2025-08-25T18:54:25,2025-08-25T19:10:56
25275,2025-08-25T19:17:42,2025-08-25T19:49:23
25276,2025-08-25T19:49:51,2025-08-25T20:20:24
25277,2025-08-25T20:20:40,2025-08-25T20:51:24
25278,2025-08-25T20:53:09,2025-08-25T21:10:26
25279,2025-08-25T21:16:03,2025-08-25T21:46:22
25280,2025-08-26T00:01:26,2025-08-26T00:32:29
25281,2025-08-26T00:33:22,2025-08-26T01:03:17
25282,2025-08-26T01:04:17,2025-08-26T01:34:17
25283,2025-08-26T01:34:54,2025-08-26T02:05:16
25284,2025-08-26T02:06:45,2025-08-26T02:21:40
25285,2025-08-26T02:23:57,2025-08-26T02:39:45
25286,2025-08-26T02:47:22,2025-08-26T03:17:48
25287,2025-08-26T03:18:07,2025-08-26T03:48:20
25288,2025-08-26T03:49:33,2025-08-26T04:19:47
25289,2025-08-26T04:20:30,2025-08-26T04:50:20
25290,2025-08-26T04:50:43,2025-08-26T05:20:48
25291,2025-08-26T05:22:00,2025-08-26T05:37:23
25292,2025-08-26T05:38:38,2025-08-26T05:53:52
25293,2025-08-26T06:03:20,2025-08-26T06:33:16
25294,2025-08-26T06:34:47,2025-08-26T06:50:14
25295,2025-08-26T06:57:00,2025-08-26T07:29:28
25296,2025-08-26T07:29:53,2025-08-26T07:59:35
25297,2025-08-26T08:02:00,2025-08-26T08:18:02
25298,2025-08-26T08:27:23,2025-08-26T08:58:27
25299,2025-08-26T08:58:42,2025-08-26T09:13:24
25300,2025-08-26T11:25:13,2025-08-26T11:56:49
25301,2025-08-26T11:57:04,2025-08-26T12:22:04
25302,2025-08-26T12:22:47,2025-08-26T12:38:53
25303,2025-08-26T13:01:57,2025-08-26T13:30:43
25304,2025-08-26T13:35:52,2025-08-26T14:40:27
25305,2025-08-26T14:47:12,2025-08-26T15:30:36
25306,2025-08-26T18:21:11,2025-08-26T19:10:20
25307,2025-08-26T19:11:41,2025-08-26T19:12:16
25308,2025-08-26T19:12:27,2025-08-26T19:28:07
25309,2025-08-26T19:43:04,2025-08-26T20:14:36
25310,2025-08-26T20:14:59,2025-08-26T20:38:45
25311,2025-08-26T22:28:59,2025-08-26T22:50:57
25312,2025-08-26T22:52:42,2025-08-26T23:23:32
25313,2025-08-26T23:23:54,2025-08-26T23:54:14
25314,2025-08-26T23:56:13,2025-08-27T00:11:28
25315,2025-08-27T00:20:24,2025-08-27T00:51:30
25316,2025-08-27T00:53:03,2025-08-27T01:23:27
25317,2025-08-27T01:33:38,2025-08-27T02:04:24
25318,2025-08-27T02:22:14,2025-08-27T02:53:26
25319,2025-08-27T02:53:49,2025-08-27T03:24:57
25320,2025-08-27T03:25:10,2025-08-27T03:43:56
25321,2025-08-27T03:50:23,2025-08-27T04:05:21
25322,2025-08-27T04:06:30,2025-08-27T04:37:22
25323,2025-08-27T04:37:49,2025-08-27T05:08:23
25324,2025-08-27T05:08:38,2025-08-27T05:09:52
25325,2025-08-27T20:53:12,2025-08-27T21:09:58
25326,2025-08-27T21:13:19,2025-08-27T21:19:22
25327,2025-08-27T21:29:38,2025-08-27T21:31:35
25328,2025-08-27T21:31:52,2025-08-27T22:05:00
25329,2025-08-27T22:05:29,2025-08-27T22:39:21
25330,2025-08-27T22:39:40,2025-08-27T23:10:20
25331,2025-08-27T23:11:01,2025-08-27T23:43:53
25332,2025-08-27T23:44:06,2025-08-27T23:44:46
25333,2025-08-27T23:45:05,2025-08-28T00:15:30
25334,2025-08-28T00:16:21,2025-08-28T00:46:26
25335,2025-08-28T00:55:14,2025-08-28T01:11:57
25336,2025-08-28T01:28:07,2025-08-28T02:01:23
25337,2025-08-28T02:21:51,2025-08-28T02:54:41
25338,2025-08-28T02:54:56,2025-08-28T03:25:18
25339,2025-08-28T03:26:05,2025-08-28T03:33:15
25340,2025-08-28T03:39:19,2025-08-28T04:13:46
25341,2025-08-28T04:14:52,2025-08-28T04:36:24
25342,2025-08-28T06:19:10,2025-08-28T06:45:20
25343,2025-08-28T06:54:05,2025-08-28T07:19:43
25344,2025-08-28T07:39:19,2025-08-28T08:10:51
25345,2025-08-28T08:11:22,2025-08-28T08:30:20
25346,2025-08-28T13:04:12,2025-08-28T13:14:01
25347,2025-08-28T13:14:15,2025-08-28T13:21:14
25348,2025-08-28T13:23:51,2025-08-28T13:36:05
25349,2025-08-28T13:38:54,2025-08-28T13:45:37
25350,2025-08-28T13:47:38,2025-08-28T14:01:44
25351,2025-08-28T14:05:15,2025-08-28T14:12:33
25352,2025-08-28T14:13:52,2025-08-28T14:20:07
25353,2025-08-28T14:25:57,2025-08-28T14:36:06
25354,2025-08-28T14:39:31,2025-08-28T14:49:53
25355,2025-08-28T14:50:48,2025-08-28T15:00:00
25356,2025-08-28T15:03:43,2025-08-28T15:39:45
25357,2025-08-28T15:39:58,2025-08-28T16:10:18
25358,2025-08-28T16:10:57,2025-08-28T16:42:19
25359,2025-08-28T16:43:32,2025-08-28T17:13:30
25360,2025-08-28T17:14:01,2025-08-28T17:44:33
25361,2025-08-28T17:46:08,2025-08-28T17:57:32
25362,2025-08-28T18:07:03,2025-08-28T18:08:02
25363,2025-08-28T18:08:11,2025-08-28T18:46:18
25364,2025-08-28T18:46:45,2025-08-28T19:17:37
25365,2025-08-28T19:18:46,2025-08-28T19:50:10
25366,2025-08-28T19:50:31,2025-08-28T20:21:29
25367,2025-08-28T20:31:40,2025-08-28T20:48:16
25368,2025-08-28T20:56:38,2025-08-28T21:27:54
25369,2025-08-28T21:29:39,2025-08-28T21:44:34
25370,2025-08-28T21:48:08,2025-08-28T22:07:51
25371,2025-08-28T22:19:45,2025-08-28T22:56:45
25372,2025-08-28T22:57:00,2025-08-28T23:31:20
25373,2025-08-28T23:33:23,2025-08-28T23:44:25
25374,2025-08-28T23:50:16,2025-08-29T00:32:23
25375,2025-08-29T00:34:04,2025-08-29T01:04:20
25376,2025-08-29T01:04:49,2025-08-29T01:35:49
25377,2025-08-29T01:38:42,2025-08-29T01:41:09
25378,2025-08-29T01:42:38,2025-08-29T02:00:28
25379,2025-08-29T02:22:14,2025-08-29T02:55:10
25380,2025-08-29T02:58:55,2025-08-29T03:31:17
25381,2025-08-29T03:41:12,2025-08-29T04:16:32
25382,2025-08-29T04:19:03,2025-08-29T04:52:23
25383,2025-08-29T05:06:25,2025-08-29T05:41:13
25384,2025-08-29T06:00:41,2025-08-29T06:18:04
25385,2025-08-29T06:22:13,2025-08-29T07:05:28
25386,2025-08-29T07:05:57,2025-08-29T07:47:05
25387,2025-08-29T07:49:03,2025-08-29T08:24:21
25388,2025-08-29T08:27:12,2025-08-29T09:00:28
25389,2025-08-29T09:00:47,2025-08-29T09:32:19
25390,2025-08-29T09:33:40,2025-08-29T09:37:05
25391,2025-08-29T09:37:40,2025-08-29T09:53:32
25392,2025-08-29T10:16:46,2025-08-29T10:28:29
25393,2025-08-29T10:28:40,2025-08-29T10:46:52
25394,2025-08-29T10:54:43,2025-08-29T11:26:05
25399,2025-08-29T12:57:32,2025-08-29T13:01:50
25400,2025-08-29T13:02:29,2025-08-29T13:08:22
25401,2025-08-29T13:08:35,2025-08-29T13:12:33
25402,2025-08-29T13:15:36,2025-08-29T13:20:35
25403,2025-08-29T13:20:58,2025-08-29T13:25:20
25404,2025-08-29T13:25:51,2025-08-29T13:32:08
25405,2025-08-29T13:32:33,2025-08-29T13:38:01
25406,2025-08-29T13:38:20,2025-08-29T13:44:45
25407,2025-08-29T13:46:32,2025-08-29T13:53:01
25408,2025-08-29T13:53:39,2025-08-29T13:59:26
25409,2025-08-29T13:59:41,2025-08-29T14:04:26
25410,2025-08-29T14:06:44,2025-08-29T14:11:55
25411,2025-08-29T14:12:08,2025-08-29T14:17:03
25412,2025-08-29T14:18:56,2025-08-29T14:23:58
25413,2025-08-29T14:24:29,2025-08-29T14:30:36
25414,2025-08-29T14:54:28,2025-08-29T14:59:41
25415,2025-08-29T15:00:28,2025-08-29T15:06:00
25416,2025-08-29T15:06:33,2025-08-29T15:11:14
25417,2025-08-29T15:12:52,2025-08-29T15:18:25
25418,2025-08-29T15:19:12,2025-08-29T15:24:03
25419,2025-08-29T15:25:00,2025-08-29T15:25:32
25420,2025-08-29T15:25:45,2025-08-29T15:32:04
25421,2025-08-29T15:32:21,2025-08-29T15:37:50
25422,2025-08-29T15:38:26,2025-08-29T15:43:55
25423,2025-08-29T16:01:14,2025-08-29T16:35:11
25424,2025-08-29T16:35:58,2025-08-29T17:09:06
25425,2025-08-29T17:09:39,2025-08-29T17:40:17
25426,2025-08-29T17:40:58,2025-08-29T18:11:58
25427,2025-08-29T18:12:31,2025-08-29T18:46:15
25428,2025-08-29T18:47:50,2025-08-29T19:21:40
25429,2025-08-29T19:24:58,2025-08-29T19:56:16
25430,2025-08-29T19:56:57,2025-08-29T20:28:59
25431,2025-08-29T20:31:50,2025-08-29T20:47:20
25432,2025-08-29T20:56:59,2025-08-29T21:27:57
25433,2025-08-29T21:28:37,2025-08-29T22:10:33
25434,2025-08-29T22:23:12,2025-08-29T22:53:24
25435,2025-08-29T22:53:57,2025-08-29T23:28:23
25436,2025-08-29T23:28:56,2025-08-29T23:59:32
25437,2025-08-30T00:00:43,2025-08-30T00:31:47
25438,2025-08-30T00:33:41,2025-08-30T01:04:39
25439,2025-08-30T01:05:12,2025-08-30T01:35:32
25440,2025-08-30T01:47:53,2025-08-30T02:18:23
25441,2025-08-30T02:18:46,2025-08-30T02:49:16
25442,2025-08-30T03:00:11,2025-08-30T03:35:52
25443,2025-08-30T04:00:17,2025-08-30T04:30:47
25444,2025-08-30T04:31:14,2025-08-30T05:01:22
25445,2025-08-30T05:01:51,2025-08-30T05:32:14
25446,2025-08-30T05:33:51,2025-08-30T06:04:29
25447,2025-08-30T06:05:06,2025-08-30T06:35:18
25448,2025-08-30T06:44:55,2025-08-30T07:15:23
25449,2025-08-30T07:15:48,2025-08-30T07:46:50
25450,2025-08-30T07:47:17,2025-08-30T08:18:41
25451,2025-08-30T08:20:14,2025-08-30T08:51:58
25452,2025-08-30T08:52:19,2025-08-30T09:22:09
25453,2025-08-30T09:33:13,2025-08-30T10:04:31
25454,2025-08-30T10:47:49,2025-08-30T10:52:01
25455,2025-08-30T10:52:25,2025-08-30T11:15:33
25456,2025-08-30T11:16:28,2025-08-30T11:31:50
25457,2025-08-30T11:32:23,2025-08-30T12:13:19
25458,2025-08-30T12:23:11,2025-08-30T12:25:32
25459,2025-08-30T12:26:39,2025-08-30T13:07:09
25460,2025-08-30T13:08:04,2025-08-30T13:11:12
25461,2025-08-30T13:12:37,2025-08-30T13:28:38
25462,2025-08-30T13:39:36,2025-08-30T14:23:12
25463,2025-08-30T14:28:21,2025-08-30T15:10:24
25464,2025-08-30T15:46:44,2025-08-30T16:30:36
25465,2025-08-30T16:37:29,2025-08-30T17:20:24
25466,2025-08-30T17:27:11,2025-08-30T17:58:05
25467,2025-08-30T18:05:58,2025-08-30T18:49:17
25468,2025-08-30T18:58:30,2025-08-30T19:29:50
25469,2025-08-30T19:36:01,2025-08-30T20:07:39
25470,2025-08-30T20:08:36,2025-08-30T20:21:22
25471,2025-08-30T20:28:07,2025-08-30T20:42:31
25472,2025-08-30T20:45:16,2025-08-30T21:03:02
25473,2025-08-30T21:13:27,2025-08-30T21:25:59
25474,2025-08-30T21:32:04,2025-08-30T22:17:18
25475,2025-08-31T01:35:55,2025-08-31T02:09:30
25476,2025-08-31T02:20:05,2025-08-31T02:52:47
25477,2025-08-31T03:02:20,2025-08-31T03:33:40
25478,2025-08-31T03:40:46,2025-08-31T04:12:32
25479,2025-08-31T04:19:47,2025-08-31T04:53:21
25480,2025-08-31T04:59:28,2025-08-31T05:30:42
25481,2025-08-31T05:37:08,2025-08-31T06:02:34
25482,2025-08-31T06:10:27,2025-08-31T06:20:15
25483,2025-08-31T06:25:00,2025-08-31T06:56:52
25484,2025-08-31T09:12:50,2025-08-31T09:45:02
25485,2025-08-31T09:45:19,2025-08-31T10:15:43
25486,2025-08-31T10:15:58,2025-08-31T10:48:26
25487,2025-08-31T10:48:39,2025-08-31T11:18:47
25488,2025-08-31T11:53:25,2025-08-31T12:25:21
25489,2025-08-31T12:25:38,2025-08-31T13:00:27
25490,2025-08-31T13:00:40,2025-08-31T13:27:18
25491,2025-08-31T13:32:27,2025-08-31T14:02:51
25492,2025-08-31T14:03:00,2025-08-31T14:33:18
25493,2025-08-31T14:33:41,2025-08-31T15:01:37
25494,2025-08-31T15:02:04,2025-08-31T15:30:14
25495,2025-08-31T15:30:33,2025-08-31T16:03:53
25496,2025-08-31T16:06:38,2025-08-31T16:37:31
25497,2025-08-31T16:37:50,2025-08-31T17:10:10
25498,2025-08-31T17:15:41,2025-08-31T17:48:09
25499,2025-08-31T17:56:24,2025-08-31T18:27:44
25500,2025-08-31T18:28:01,2025-08-31T18:58:39
25501,2025-08-31T18:59:07,2025-08-31T19:31:57
25502,2025-08-31T19:32:14,2025-08-31T20:08:02
25503,2025-08-31T20:08:21,2025-08-31T20:39:31
25504,2025-08-31T20:39:48,2025-08-31T21:11:10
25505,2025-08-31T21:11:27,2025-08-31T21:43:55
25506,2025-08-31T21:48:03,2025-08-31T22:19:35
25507,2025-08-31T22:19:50,2025-08-31T22:55:52
25508,2025-08-31T22:56:11,2025-08-31T23:26:51
25509,2025-08-31T23:27:21,2025-08-31T23:57:37
25510,2025-08-31T23:57:58,2025-09-01T00:16:11
25511,2025-09-01T00:24:19,2025-09-01T00:44:40
25512,2025-09-01T00:46:25,2025-09-01T01:18:01
25513,2025-09-01T01:18:22,2025-09-01T01:48:27
25514,2025-09-01T01:58:14,2025-09-01T02:28:18
25515,2025-09-01T02:37:43,2025-09-01T02:43:05
25516,2025-09-01T02:44:28,2025-09-01T03:14:20
25517,2025-09-01T06:32:07,2025-09-01T07:02:19
25518,2025-09-01T07:02:41,2025-09-01T07:33:43
25519,2025-09-01T07:34:08,2025-09-01T08:05:20
25520,2025-09-01T08:05:33,2025-09-01T08:40:17
25521,2025-09-01T11:05:11,2025-09-01T11:36:25
25522,2025-09-01T11:36:48,2025-09-01T12:08:28
25523,2025-09-01T12:25:26,2025-09-01T12:57:02
25524,2025-09-01T12:57:31,2025-09-01T13:28:19
25525,2025-09-01T13:39:46,2025-09-01T14:10:00
25526,2025-09-01T14:10:14,2025-09-01T14:43:44
25527,2025-09-01T14:46:59,2025-09-01T15:19:49
25528,2025-09-01T15:20:14,2025-09-01T15:50:40
25529,2025-09-01T16:05:45,2025-09-01T16:36:45
25530,2025-09-01T16:36:57,2025-09-01T17:09:20
25531,2025-09-01T17:29:58,2025-09-01T18:04:16
25532,2025-09-01T18:09:05,2025-09-01T18:39:35
25533,2025-09-01T18:40:12,2025-09-01T19:10:10
25534,2025-09-01T19:19:34,2025-09-01T19:49:18
25535,2025-09-01T19:49:42,2025-09-01T19:59:46
25536,2025-09-01T20:02:51,2025-09-01T20:24:21
25537,2025-09-01T20:54:03,2025-09-01T21:09:49
25538,2025-09-01T22:14:10,2025-09-01T22:49:42
25539,2025-09-01T23:28:32,2025-09-01T23:55:42
25540,2025-09-01T23:55:55,2025-09-02T00:27:01
25541,2025-09-02T00:27:40,2025-09-02T00:58:46
25542,2025-09-02T00:59:41,2025-09-02T01:30:27
25543,2025-09-02T01:30:50,2025-09-02T02:01:48
25544,2025-09-02T02:02:13,2025-09-02T02:33:08
25545,2025-09-02T02:33:25,2025-09-02T03:05:03
25546,2025-09-02T03:20:52,2025-09-02T04:01:36
25547,2025-09-02T04:11:22,2025-09-02T04:42:44
25548,2025-09-02T04:43:35,2025-09-02T05:01:03
25549,2025-09-02T13:19:13,2025-09-02T13:38:29
25550,2025-09-02T20:58:25,2025-09-02T21:11:05
25551,2025-09-02T21:19:16,2025-09-02T21:29:15
25552,2025-09-02T21:35:43,2025-09-02T21:45:22
25553,2025-09-02T21:46:49,2025-09-02T21:53:50
25554,2025-09-02T21:56:35,2025-09-02T22:05:45
25555,2025-09-02T22:07:38,2025-09-02T22:16:38
25557,2025-09-02T22:32:13,2025-09-02T22:40:28
25558,2025-09-02T22:47:56,2025-09-02T22:56:53
25559,2025-09-02T23:06:23,2025-09-02T23:26:12
25561,2025-09-02T23:32:40,2025-09-02T23:33:29
25562,2025-09-02T23:42:29,2025-09-02T23:51:55
25563,2025-09-02T23:54:38,2025-09-03T00:03:49
25564,2025-09-03T00:07:17,2025-09-03T00:16:14
25565,2025-09-03T00:20:00,2025-09-03T00:27:27
25566,2025-09-03T00:30:35,2025-09-03T00:38:00
25567,2025-09-03T00:42:13,2025-09-03T00:50:23
25568,2025-09-03T00:51:36,2025-09-03T01:00:09
25569,2025-09-03T01:03:29,2025-09-03T01:18:24
25571,2025-09-03T01:18:45,2025-09-03T01:28:52
25572,2025-09-03T01:31:25,2025-09-03T01:36:07
25573,2025-09-03T01:55:19,2025-09-03T02:01:28
25574,2025-09-03T02:02:41,2025-09-03T02:09:59
25575,2025-09-03T02:12:10,2025-09-03T02:19:47
25576,2025-09-03T02:20:32,2025-09-03T02:28:16
25577,2025-09-03T02:29:25,2025-09-03T02:37:10
25578,2025-09-03T02:38:17,2025-09-03T02:44:57
25579,2025-09-03T03:08:13,2025-09-03T03:16:24
25580,2025-09-03T03:22:39,2025-09-03T03:29:13
25581,2025-09-03T03:30:00,2025-09-03T03:37:59
25582,2025-09-03T03:38:55,2025-09-03T03:48:56
25583,2025-09-03T03:51:33,2025-09-03T04:00:35
25584,2025-09-03T04:02:02,2025-09-03T04:10:21
25585,2025-09-03T04:11:56,2025-09-03T04:18:12
25586,2025-09-03T04:18:59,2025-09-03T04:25:16
25587,2025-09-03T04:26:23,2025-09-03T04:32:09
25588,2025-09-03T04:33:20,2025-09-03T04:39:33
25589,2025-09-03T04:40:42,2025-09-03T04:47:12
25590,2025-09-03T05:12:16,2025-09-03T05:17:57
25591,2025-09-03T05:19:04,2025-09-03T05:25:48
25592,2025-09-03T05:26:23,2025-09-03T05:33:31
25593,2025-09-03T05:33:58,2025-09-03T05:40:13
25594,2025-09-03T05:41:26,2025-09-03T05:48:00
25595,2025-09-03T05:49:07,2025-09-03T05:56:56
25596,2025-09-03T05:57:29,2025-09-03T06:04:03
25597,2025-09-03T06:04:46,2025-09-03T06:11:37
25598,2025-09-03T06:12:12,2025-09-03T06:18:12
25599,2025-09-03T06:25:33,2025-09-03T06:31:24
25600,2025-09-03T06:32:15,2025-09-03T06:37:43
25601,2025-09-03T06:39:30,2025-09-03T06:45:15
25602,2025-09-03T06:45:40,2025-09-03T06:51:14
25603,2025-09-03T06:52:15,2025-09-03T07:00:36
