run,mean,std_dev,amplitude,nevents
23861,10.62324,3.48360,67.55400,2963
23862,10.58198,3.50676,68.53881,3039
23864,10.52881,3.50649,69.42831,3105
23865,10.39972,3.34791,53.42250,2315
23866,10.06990,3.30097,24.84303,1065
23867,10.46597,3.47035,49.84881,2184
23868,10.61072,3.47949,58.43180,2582
23876,10.74077,3.62731,26.05415,1183
23878,7.20014,2.59909,1.33502,52
23879,8.84817,2.73750,1.12486,39
23880,7.83496,2.31808,1.21891,49
23881,8.91652,4.75355,0.64940,36
23882,8.90829,3.09399,1.42437,58
23883,9.12110,3.75060,1.17324,56
23884,7.80195,4.08133,0.86061,43
23885,9.78746,8.42341,0.12380,10
23886,10.30121,3.68601,1.08782,48
23887,8.87883,4.42477,0.80548,43
23888,9.92140,4.09636,0.73136,36
23889,9.48138,2.84620,1.04450,39
23890,9.94602,3.58861,0.61700,29
23892,9.07079,3.93613,2.82474,141
23893,8.54954,2.66057,3.67554,133
23894,9.72560,3.72672,2.99055,144
23895,8.21518,4.25880,2.64754,141
23896,10.64762,3.11947,0.52545,21
23897,9.90943,4.40042,2.33610,124
23898,9.13567,3.58370,3.15861,145
23899,9.16408,3.57280,3.22954,150
23900,8.93560,3.30749,5.14831,218
23901,8.35869,0.28181,0.62099,5
23902,11.05609,3.56286,1.66894,74
23903,9.72209,0.89758,0.34588,6
23904,10.22537,3.59794,36.85267,1680
23905,10.40972,3.57468,34.78351,1586
23906,10.17687,3.30464,37.53118,1622
23907,10.40102,3.77461,37.32647,1774
23908,9.95388,3.70706,11.39859,530
23942,9.97905,3.51074,9.92319,444
23943,9.70188,4.10390,2.60868,134
23944,10.40282,3.71199,34.91148,1639
23945,10.47350,3.61378,24.03944,1093
23946,10.34854,3.46848,40.16926,1778
23947,10.22192,3.76251,36.21221,1734
23948,10.14977,3.45244,32.76648,1469
23949,9.15069,2.92654,3.29978,126
23950,10.57814,3.84833,42.86534,2054
23951,10.55296,3.82117,47.07897,2237
23952,10.43375,3.71884,37.26816,1745
23953,10.11968,3.80831,36.38030,1748
23954,9.46085,2.97257,13.31995,527
23955,10.13610,3.42040,23.24658,1021
23956,9.74475,3.61758,4.66397,210
23957,10.55399,3.62455,67.89795,3090
23960,10.47043,3.50548,200.98096,9000
23961,10.20670,3.38166,51.22345,2225
23962,9.61437,2.83317,14.13490,538
23964,10.63017,3.56821,297.52436,13477
23965,10.56919,3.60227,271.34153,12345
23966,10.55580,3.56746,319.54136,14459
23967,10.41121,3.42701,168.58583,7417
23969,10.55094,3.61588,309.19097,14152
23970,10.51623,3.57889,297.42276,13476
23972,10.56517,3.62558,206.99178,9481
23973,10.44975,3.59562,67.28977,3072
23974,10.39315,3.51507,193.48480,8690
23975,9.75032,3.18523,38.84323,1618
23977,10.45159,3.66694,120.89659,5597
23979,10.52523,3.63880,104.27292,4798
23980,10.50432,3.61619,64.69567,2965
23981,10.36022,3.45377,136.26287,6067
23982,10.72912,3.81665,40.72386,1933
23983,10.54042,3.58872,175.53560,7997
23984,10.58613,3.57232,119.81094,5418
23985,10.54358,3.56871,145.51399,6594
23986,10.53192,3.58098,136.99488,6219
23987,10.47978,3.60268,120.40419,5492
23988,10.50104,3.58389,130.06328,5937
23989,10.61006,3.59917,191.74000,8747
23990,9.84484,3.31002,68.56226,2934
23991,9.82209,3.17993,20.11293,842
23992,10.51619,3.65188,182.27147,8416
23993,10.55023,3.64592,214.17267,9895
23994,10.62948,3.66081,249.47498,11515
23995,10.64167,3.69868,162.57052,7540
23996,10.17216,3.41440,130.61716,5726
23998,9.83028,3.35051,60.06336,2594
23999,10.43631,3.53225,125.04967,5633
24001,10.70545,3.75735,228.28797,10788
24002,10.76444,3.76469,233.48164,10991
24003,10.57620,3.68567,232.71370,10825
24004,9.88923,3.34300,85.16719,3699
24005,10.68795,3.69669,230.66763,10750
24006,10.58626,3.65743,205.15780,9513
24007,10.75613,3.73183,203.03547,9521
24008,10.82126,3.69825,56.07602,2609
24009,10.72898,3.74188,283.87445,13344
24010,10.72627,3.72339,257.14089,12002
24011,10.72131,3.77832,180.43396,8535
24012,10.56209,3.61588,190.89472,8714
24013,10.69691,3.75126,202.73320,9558
24014,10.43758,3.55545,200.46942,9093
24015,10.19440,3.50994,107.66022,4861
24016,9.67985,2.98686,37.09872,1446
24019,10.52820,3.63949,201.66934,9301
24020,10.38998,3.64519,181.53875,8397
24021,10.36847,3.60879,205.65164,9440
24022,10.47909,3.64449,214.63975,9923
24023,10.33432,3.56997,24.94210,1138
24024,9.94031,3.44471,121.49462,5395
24026,9.71263,3.22464,70.99782,2968
24032,10.19415,3.45585,138.39827,6158
24039,10.36431,3.68205,24.50622,1139
24040,10.58723,3.69104,141.53504,6574
24041,10.57819,3.71870,196.75593,9216
24042,10.48437,3.54148,188.71339,8536
24043,9.91064,3.28774,71.44677,3056
24047,10.75734,3.65582,208.82823,9622
24048,10.75193,3.70045,194.14812,9042
24049,10.74121,3.70110,219.68361,10220
24050,10.69901,3.74050,226.24204,10670
24051,10.68009,3.69587,195.62976,9092
24054,10.59664,3.65900,184.31158,8550
24055,10.57248,3.66256,185.69300,8627
24056,10.68745,3.74096,191.90348,8994
24057,10.61202,3.67803,173.19652,8034
24058,10.17596,3.46604,94.67901,4194
24059,9.69601,3.25711,33.79694,1443
24060,10.38056,3.55906,192.40105,8709
24061,10.47411,3.67993,225.92330,10524
24062,10.49320,3.67484,214.27699,9951
24063,10.48425,3.67699,184.14602,8553
24064,10.05578,3.48571,110.65528,4960
24065,9.83792,3.34192,64.32529,2786
24066,10.29194,3.54781,110.81652,5012
24067,10.29482,3.62572,193.73874,8982
24068,10.29598,3.51461,196.62071,8886
24069,10.58554,3.66752,271.72110,12583
24070,9.82474,3.34080,82.88720,3592
24071,10.64961,3.64783,245.20119,11345
24072,10.67300,3.66487,214.11859,9892
24073,10.78420,3.80052,212.12535,10067
24074,10.56107,3.71736,221.30740,10384
24075,10.48946,3.59697,206.93409,9458
24076,10.47464,3.62239,221.86784,10203
24079,10.62578,3.67770,214.97628,9970
24080,10.55911,3.69672,241.84709,11319
24081,10.50351,3.62160,192.18492,8880
24082,10.54984,3.61390,186.94127,8552
24084,10.14719,3.58402,122.34643,5607
24085,10.09968,3.50163,129.92777,5855
24086,10.15970,3.51403,131.28424,5897
24087,10.74069,3.84215,303.54250,14546
24089,10.26808,3.65301,73.75290,3445
24091,10.60738,3.91047,58.47685,2846
24092,10.44567,3.75424,92.17136,4362
24093,10.36155,3.71921,88.68903,4178
24094,10.31708,3.64873,84.89850,3937
24095,9.63836,3.15902,44.29081,1872
24096,9.38035,3.34636,14.78289,638
24097,9.89691,3.46048,6.11107,267
24098,10.27701,3.56139,77.67181,3510
24099,10.17759,3.71773,80.01475,3768
24100,10.00801,3.57071,68.66802,3151
24101,10.19543,3.55664,78.69594,3583
24103,9.93023,3.36071,47.58728,2075
24104,9.99126,3.46055,107.71456,4840
24110,10.17236,3.55191,71.92765,3269
24111,10.29992,3.73755,70.29900,3311
24112,10.39791,3.74889,79.85109,3766
24113,9.91782,3.45554,38.58224,1718
24116,10.27870,3.54221,67.28052,3031
24117,10.36885,3.72601,66.24847,3134
24120,10.34634,3.67387,115.60152,5383
24121,10.18461,3.54759,109.19026,4968
24122,10.49794,3.67452,101.31483,4718
24123,10.33321,3.59902,94.22524,4339
24125,9.63560,3.12710,29.34352,1218
24126,10.45990,3.69236,100.22700,4675
24127,10.37831,3.53613,92.46270,4184
24128,10.40543,3.74510,110.68305,5252
24129,10.39063,3.70248,98.49134,4624
24130,10.30683,3.60864,100.35935,4608
24131,10.27266,3.53517,88.49139,4023
24132,10.20566,3.66860,64.98927,3040
24133,10.22997,3.59777,89.82861,4129
24134,9.77072,3.32935,51.87806,2235
24135,9.95335,3.57736,12.98735,588
24138,10.60504,3.92764,130.82919,6421
24139,10.58617,3.73004,144.11212,6758
24140,10.55048,3.73076,151.32213,7127
24141,10.57322,3.75712,146.30249,6909
24144,10.74303,3.84698,102.89884,4903
24145,10.38122,3.64832,104.62674,4852
24146,10.42198,3.65684,97.50431,4512
24147,10.34889,3.67219,105.09874,4907
24150,10.32635,3.79185,92.69916,4448
24151,10.31334,3.65531,97.19841,4509
24153,10.32711,3.63319,93.34738,4300
24155,10.42797,3.68569,88.52723,4134
24156,9.80118,3.33192,50.20924,2180
24157,8.98868,2.53025,15.02568,546
24158,10.12819,3.53929,87.36262,3954
24159,10.14154,3.44367,84.87982,3770
24160,10.10243,3.68831,82.18110,3846
24161,10.28494,3.53921,81.83381,3704
24162,10.13234,3.53347,92.22477,4202
24163,10.17680,3.76217,89.54002,4281
24164,10.33803,3.64539,90.20452,4168
24165,10.22309,3.60964,107.23204,4920
24166,9.68745,3.28685,32.89168,1421
24167,10.31903,3.72419,90.90643,4272
24168,10.23448,3.64497,100.77140,4692
24169,10.13903,3.57081,100.69475,4620
24170,10.33260,3.68493,95.32787,4454
24171,10.16881,3.60087,59.18916,2727
24172,9.97355,3.49659,79.52946,3564
24173,10.28582,3.70831,78.93859,3710
24174,10.46266,3.70680,100.29887,4677
24175,10.10915,3.54372,96.71979,4398
24176,10.26007,3.71304,96.51786,4562
24177,10.25201,3.60077,86.38228,3951
24178,10.14242,3.53623,79.03014,3594
24179,10.23713,3.71475,90.49229,4264
24185,10.12028,3.52190,78.01374,3531
24187,8.78553,2.51798,3.48962,129
24188,9.61883,3.50066,4.25062,189
24189,8.72209,3.06704,3.28431,135
24190,8.63530,2.92908,4.07204,161
24191,8.82317,2.55844,3.95125,140
24192,8.99690,2.66675,4.25041,157
24193,9.60220,2.84048,3.94764,154
24194,8.81729,3.22482,3.47696,150
24195,8.76122,2.99125,3.99199,166
24196,8.85208,3.39264,1.95663,84
24197,8.25100,3.78110,0.56789,27
24200,10.03652,2.82014,1.93443,72
24201,9.96652,3.88847,6.28406,305
24203,9.27419,3.19935,11.02210,470
24204,9.34723,3.05680,3.27990,133
24206,9.85184,3.35634,1.11908,48
24207,9.23575,3.27754,3.99840,168
24208,9.14995,3.31528,4.03362,176
24210,9.01304,2.71335,3.27264,122
24211,9.82416,3.23119,3.14170,132
24213,9.77354,3.76217,26.29485,1262
24214,9.68871,3.52141,22.42921,1024
24215,9.83305,3.79167,27.75629,1334
24216,9.81329,3.86627,29.73593,1462
24217,10.02493,3.93653,27.17638,1339
24218,9.46103,3.64072,27.08338,1270
24219,9.07245,3.51654,14.94621,691
24220,9.18201,3.66289,4.47474,208
24222,9.28957,3.44031,15.34446,685
24223,9.53391,3.69073,8.93984,421
24224,9.62059,3.69902,14.21764,660
24225,9.77277,3.78196,5.69912,271
24226,9.53397,4.03773,13.80687,702
24227,9.42458,3.84987,18.62588,905
24228,9.48539,3.77229,13.30268,643
24229,8.82979,3.16989,9.79254,401
24230,7.86940,2.55080,3.65426,129
24232,8.12254,2.97810,5.25393,208
24233,8.70707,3.46695,4.54888,200
24234,8.31598,3.11058,5.32126,223
24236,9.60009,3.70291,18.24816,857
24237,9.23730,3.39808,17.42723,769
24238,9.45644,3.78984,18.56873,913
24239,9.18693,3.21180,20.39029,869
24240,9.36002,3.73594,20.04848,962
24241,8.80443,3.28415,6.84863,285
24243,9.10928,3.75229,9.38346,455
24244,9.65574,3.63892,12.41337,574
24245,9.31062,3.83777,12.93315,630
24246,9.32117,3.29731,12.96467,564
24247,9.44740,3.51231,10.93729,499
24248,9.29735,3.83163,11.61713,564
24250,9.65879,3.86756,25.76559,1270
24251,9.50393,3.49138,28.12997,1282
24252,9.54450,3.75359,28.06025,1350
24253,9.77300,3.70714,28.95019,1358
24254,9.48369,3.63515,29.29430,1373
24255,9.49356,3.78433,27.37699,1318
24257,9.25354,3.58538,15.80869,734
24258,9.35647,3.82098,13.94375,673
24259,9.32822,3.75822,13.76060,663
24260,9.16368,3.37565,13.75764,600
24261,9.34039,3.15905,11.57540,488
24262,9.51604,4.41499,10.25534,557
24263,8.70997,3.54489,7.74985,355
24264,8.78578,4.03069,2.42544,122
24266,9.00939,3.25676,15.13206,664
24267,8.77878,3.34797,4.59028,200
24268,8.21642,2.90546,5.79288,224
24269,8.77595,3.14435,4.78523,197
24270,9.80681,3.75709,16.75447,805
24271,9.30738,3.46766,17.91574,805
24273,9.30765,3.39131,20.16916,899
24274,9.36374,3.69963,18.96362,898
24275,9.25950,3.55092,19.62300,904
24276,8.92186,2.89434,7.14976,276
24277,9.20713,3.45565,13.99931,627
24278,9.78245,3.78079,13.18978,632
24279,8.93847,3.04269,14.49564,601
24280,9.32331,3.74808,11.73540,561
24281,8.98306,3.35881,15.86443,701
24282,9.14910,3.33369,14.71221,641
24283,9.19665,3.26862,15.12332,650
24310,9.04776,3.43973,14.01992,642
24311,9.51198,3.81972,13.75447,663
24312,9.61583,3.89463,15.08578,736
24313,8.75580,3.50099,19.71431,915
24314,9.50506,3.91776,12.54142,622
24315,9.38662,3.75570,11.14547,534
24316,8.83325,3.71758,13.22660,635
24317,9.16750,3.51383,15.04755,680
24318,7.83552,2.13850,2.13222,70
24322,9.18341,3.42222,14.81465,668
24323,9.89888,3.45717,11.10829,490
24324,9.23079,3.69247,14.17049,671
24325,9.66025,3.89983,13.72753,670
24326,9.20757,3.60265,13.86497,646
24327,9.03409,3.50101,13.00525,594
24328,9.03503,3.30812,14.20984,635
24329,9.07509,3.48953,14.73594,673
24330,9.71875,3.62215,11.77293,534
24331,8.77127,3.47652,4.32208,200
24332,8.95832,3.55123,2.05893,91
24335,8.24443,2.29898,2.06322,69
24336,8.94686,3.38460,10.95227,488
24337,8.98659,3.82505,12.68780,625
24338,9.35110,3.79814,13.21664,639
24339,9.59226,3.74289,13.22856,630
24342,9.18249,3.49188,18.68178,849
24343,9.21896,3.78767,15.27004,743
24344,9.37734,3.95907,15.95237,802
24345,9.38497,3.52667,18.00183,821
24346,9.38745,3.76441,16.17575,782
24347,9.45316,4.11063,15.53948,801
24348,9.76847,4.23307,14.95234,782
24349,8.90999,3.88773,3.37317,164
24352,9.86975,4.16225,11.77699,605
24353,9.50613,3.53426,15.62045,710
24354,9.55537,3.54228,13.34016,606
24355,9.51131,3.81046,13.14356,630
24356,9.31027,3.80490,11.36294,544
24357,9.40821,3.69318,10.68758,511
24359,9.35655,3.51397,11.92397,549
24360,9.45312,3.80630,12.04251,579
24363,8.67263,2.50641,4.49569,156
24364,8.23601,2.90343,4.38422,175
24365,8.56447,2.67434,5.65803,213
24366,8.35100,2.74872,5.38451,195
24367,8.01512,2.64324,4.91975,179
24368,8.98376,3.27345,5.51229,229
24369,8.70427,3.43303,4.24548,189
24370,8.59277,3.39147,4.74982,206
24371,8.58727,2.62966,5.32456,186
24372,8.55153,2.66204,4.42549,161
24376,9.05289,3.51874,9.24310,429
24377,9.01407,3.64195,14.14227,663
24378,8.99487,3.39665,11.30686,505
24379,9.05907,3.67060,13.65332,642
24380,9.08780,3.92615,13.66124,684
24381,9.55302,4.10305,13.40168,679
24382,9.69631,4.08805,12.70069,653
24383,8.85889,3.42441,14.20133,637
24384,8.45630,3.46706,4.16561,188
24385,9.59114,3.84965,4.94642,240
24386,9.07458,3.80585,15.88191,773
24387,9.24029,3.79575,14.49967,700
24388,9.78022,3.92592,16.11644,795
24389,9.31429,3.77773,11.11906,537
24390,9.13696,3.71013,12.66968,614
24396,8.63161,2.81619,16.78783,690
24397,9.64211,3.70775,12.88069,613
24398,8.71841,3.46546,6.73233,307
24399,9.48556,3.65907,1.86734,87
24400,9.47808,3.61837,9.24982,424
24401,10.23667,4.26669,8.41743,442
24402,9.56985,4.01517,11.82229,599
24404,9.50491,3.62117,15.63142,726
24405,7.93011,2.87869,4.48478,174
24406,9.66045,3.96320,13.27758,656
24407,9.48699,4.05488,13.92589,717
24408,9.39009,3.71669,15.02217,728
24409,9.11957,3.41623,14.20748,643
24410,9.42651,3.98436,12.43235,629
24411,9.11075,3.31378,3.50434,148
24412,8.82066,3.65069,3.96646,187
24413,9.15331,3.43269,4.74909,207
24414,8.27859,3.40913,4.49221,203
24415,9.42607,4.07483,1.67747,86
24416,9.39273,3.72404,12.07352,566
24417,9.18092,3.77770,15.24011,740
24418,9.52299,3.60966,16.27305,743
24419,9.44524,3.41698,15.29426,678
24421,9.67035,3.49177,2.07466,92
24422,8.94839,3.22457,10.10994,442
24423,8.74861,4.26536,2.88903,153
24424,9.26439,3.79108,13.00382,626
24425,9.67429,3.70272,14.73046,691
24426,9.05530,3.92221,7.10435,345
24427,8.32263,2.43661,3.87315,129
24428,9.10921,4.21039,10.88004,575
24429,9.19411,4.28148,11.50843,611
24430,9.12314,3.78953,11.45552,555
24431,8.83458,3.78983,11.28762,550
24432,9.20513,3.72441,12.08579,563
24433,8.78096,3.98691,12.28244,626
24434,9.30571,3.74862,12.26225,581
24435,8.83036,3.63918,13.60166,636
24436,9.26425,3.92047,12.88316,640
24437,8.94913,3.67988,12.23100,580
24442,8.99043,3.29239,14.25299,625
24443,8.62242,3.38596,15.28268,695
24444,8.39145,3.29298,12.51547,558
24445,9.14901,3.50793,2.10096,95
24446,9.35942,3.69885,6.49070,302
24447,9.01204,3.65944,10.97327,515
24448,8.35684,3.28399,4.80330,215
24449,8.32594,3.42911,12.23440,564
24450,9.10557,4.04089,11.28023,570
24451,8.71507,3.65427,11.25918,531
24452,8.99647,3.76404,12.19332,590
24453,8.85866,3.50001,11.87780,546
24454,8.22212,2.96120,3.97729,157
24460,8.47377,3.57247,11.87606,562
24461,8.64949,3.86382,3.32958,162
24463,9.00845,3.49323,9.40398,429
24464,9.21996,4.04389,10.89315,562
24469,9.27192,4.08596,11.49749,586
24470,8.82436,4.05469,11.49556,588
24471,8.69327,3.71717,13.34802,635
24472,8.65702,3.29785,8.32548,378
24473,8.39555,3.53825,3.13053,154
24474,9.08135,3.48245,15.38161,695
24475,8.52964,3.18745,14.37816,617
24476,8.36166,3.33204,13.95078,621
24477,8.92083,3.52230,12.54187,576
24478,9.15863,3.89922,13.78788,684
24479,8.79019,3.32774,12.30965,551
24480,8.46821,3.05017,3.62845,149
24485,8.89454,3.44646,7.78949,353
24486,8.83599,3.30418,11.47989,490
24487,8.47672,3.01920,10.85476,448
24488,8.42804,3.12057,10.33875,444
24489,9.15169,3.41734,8.29547,364
24490,9.15442,3.78369,8.83098,433
24491,8.77799,3.52351,9.01093,418
24492,9.39849,3.68169,9.64649,456
24493,8.66121,3.43801,9.84487,446
24494,9.14791,3.33323,10.50315,453
24499,8.97298,3.79016,12.24405,597
24500,8.23165,3.04843,16.00779,677
24501,8.75285,3.57361,12.15502,568
24502,8.61860,3.59833,12.55971,592
24503,8.70841,3.84996,13.18960,651
24504,8.80386,3.22729,14.02821,606
24505,9.28049,3.87566,12.84831,633
24506,8.72797,3.57129,13.73995,646
24507,9.00052,3.95415,12.33152,616
24508,9.03356,3.93652,7.51016,374
24509,8.85667,3.66199,12.01013,568
24510,8.54137,3.31633,11.98460,529
24511,8.53719,3.57608,12.31486,592
24512,8.27225,2.71713,4.26233,146
24513,9.69233,4.11893,10.13470,521
24514,8.86169,3.77156,11.93406,581
24515,8.38445,3.25827,12.11683,530
24516,9.04890,3.34090,13.24074,585
24517,8.84279,3.50236,8.86588,400
24521,9.27755,3.81345,10.82875,522
24522,8.95814,3.58379,13.27750,616
24523,8.72095,3.77510,9.94444,483
24524,8.75104,3.32573,13.52542,592
24525,8.12779,3.04999,3.49194,145
24526,8.93891,3.44693,13.59442,624
24527,9.45856,4.17668,12.69890,666
24528,9.19387,3.84758,11.79003,575
24529,9.04600,3.68054,14.42134,684
24530,9.07984,4.00886,12.18066,620
24531,8.96443,3.76024,12.44952,602
24532,8.98282,3.68107,13.53680,653
24533,8.74546,3.79765,12.64185,623
24534,8.99271,3.43328,14.24675,637
24535,9.01285,3.69914,13.62296,656
24536,8.31236,2.95825,0.53277,23
24543,9.44109,2.37048,0.54020,16
24547,11.08105,4.40251,0.30775,16
24550,7.72919,2.20699,0.45586,15
24553,10.06398,4.00867,5.13648,258
24554,9.85085,3.44450,4.26972,189
24555,8.46107,2.16015,1.24165,38
24556,9.23907,4.04811,3.98899,204
24557,8.76321,3.50404,3.93331,176
24558,9.63287,4.15644,5.67630,294
24559,9.79759,4.06056,5.49314,276
24560,9.77931,3.86142,4.23532,207
24561,9.76934,4.25013,6.39556,341
24562,8.56237,3.25126,5.98321,264
24563,7.56791,2.84358,3.49671,144
24564,9.09588,3.81422,6.73937,328
24566,9.46486,3.58953,6.73641,309
24567,9.18511,3.61375,5.56466,264
24568,8.79726,3.34451,3.76017,165
24569,8.51915,2.86317,2.71114,103
24570,9.18568,3.18006,9.76367,417
24572,10.94097,3.95588,95.52828,4685
24574,10.35770,3.55223,78.24706,3535
24576,9.96787,3.45682,41.19996,1833
24578,10.41055,3.70004,107.72920,5029
24580,10.25371,3.66883,40.00605,1879
24582,10.50589,3.77832,89.67396,4257
24583,10.12425,3.50671,51.73547,2350
24584,10.46431,3.68535,84.87855,3968
24585,9.93347,3.32648,25.32938,1108
24587,9.72671,3.21276,19.32239,828
24588,10.46575,3.63850,93.84027,4320
24589,10.20734,3.65724,51.81671,2408
24590,10.22901,3.72160,52.55523,2471
24591,10.44973,3.88881,47.16799,2292
24592,10.18875,3.82822,43.16196,2099
24593,10.41608,3.67640,44.73546,2065
24594,10.48669,3.70378,50.77330,2374
24595,10.61286,3.90045,29.74323,1445
24596,10.37447,3.74824,60.97941,2898
24597,10.47443,3.78310,60.57804,2887
24598,9.97108,3.70256,28.10278,1328
24599,10.04742,3.60423,29.41539,1369
24600,10.20392,3.62528,26.47966,1217
24601,9.33925,3.66704,4.99712,236
24602,9.17679,4.07504,6.66122,345
24603,9.53578,3.93646,7.43259,368
24604,8.72563,3.36182,6.94459,314
24605,9.51431,3.41887,8.26561,374
24606,9.09931,3.48729,9.53953,439
24607,7.96036,2.77190,7.66108,307
24608,8.69904,3.70549,6.57477,314
24609,9.28167,4.30741,6.31245,338
24610,8.45886,3.42352,6.94258,310
24611,8.75044,3.09841,4.68457,195
24612,8.90216,3.76203,42.13781,2049
24613,8.96157,3.60709,44.08805,2053
24614,9.15918,4.13342,36.84235,1906
24615,9.26658,3.76921,41.45183,1988
24616,9.54578,4.20778,37.22228,1941
24617,9.27914,3.96695,39.53933,1990
24618,8.86373,3.89050,36.53592,1827
24619,9.20996,3.73908,7.29014,350
24620,6.09276,2.03851,1.46354,52
24621,8.43216,3.75895,18.56710,904
24622,7.88653,2.66603,7.65761,279
24627,8.97779,3.66027,12.86651,602
24628,8.45646,3.59776,12.74531,589
24629,8.62977,3.52941,13.63246,626
24630,8.37851,3.21367,13.29954,570
24631,8.50185,3.22498,17.81177,776
24632,8.67060,3.38952,15.99089,710
24633,8.74617,3.76283,4.07687,198
24634,8.79234,3.71118,15.50080,734
24635,7.99281,2.93400,7.77205,314
24636,7.31504,3.09028,3.51866,147
24641,8.41197,3.50742,3.90978,176
24642,8.71967,4.13378,5.13632,267
24643,8.66436,3.87557,3.99178,199
24646,8.75608,3.56498,20.95254,975
24647,8.72589,3.80983,18.77341,912
24648,8.56346,3.35771,17.65190,782
24649,8.81553,3.47261,18.36283,845
24650,8.88748,3.45427,18.23532,817
24651,7.43188,2.73889,6.88873,261
24654,8.55657,3.48815,12.68680,586
24655,8.59354,3.97859,12.34071,630
24656,8.09475,3.18563,14.46989,638
24657,8.26079,3.03258,14.22795,593
24658,8.96979,3.57829,12.60147,575
24659,8.35826,3.32218,15.02044,664
24660,8.48304,3.49963,9.11341,413
24661,8.55373,3.52587,13.92139,632
24662,8.42672,3.25129,14.94780,643
24666,9.23951,3.88639,53.91808,2679
24667,9.46945,4.17994,32.23035,1679
24668,9.09515,3.87843,40.53132,2017
24669,9.06169,3.81635,42.93297,2098
24670,8.83012,3.64613,39.60372,1862
24671,9.32578,4.01011,40.86470,2063
24672,8.75919,3.59399,26.37275,1218
24673,8.40063,3.66800,7.20980,332
24674,8.67057,3.57289,25.45850,1181
24675,9.06402,3.89202,19.97741,992
24676,8.71128,3.53476,17.56536,797
24677,8.71749,3.17525,20.54845,862
24678,8.91368,3.65522,17.11574,802
24679,8.41266,3.47159,16.03137,743
24680,8.64629,3.48450,23.38738,1066
24681,8.56229,3.41552,11.04596,488
24682,8.01331,2.77234,3.44545,131
24683,8.71851,3.79368,5.07951,252
24684,8.13424,2.61361,6.14178,218
24685,7.34657,3.05750,6.29072,264
24686,7.92736,2.99285,5.37554,216
24687,8.30715,3.49003,14.92716,688
24688,8.73295,3.45708,15.57874,699
24690,9.73835,3.40136,90.83145,4016
24691,9.58013,3.32401,88.63479,3852
24692,9.72849,3.43484,83.52238,3725
24693,9.46322,3.25393,84.32535,3597
24694,9.81257,3.41400,84.70790,3701
24695,9.58395,3.28508,106.43056,4562
24696,8.59539,2.55433,10.44325,393
24697,9.88933,3.41924,91.73232,4038
24698,9.57414,3.29092,87.53480,3756
24699,9.71286,3.46377,91.40518,4097
24701,9.61183,3.39002,99.01967,4348
24702,9.46277,3.28652,55.53627,2361
24703,9.01312,2.93904,23.08554,913
24707,9.38814,3.14526,37.73263,1557
24708,9.40490,3.23831,36.92705,1598
24709,9.64817,3.38611,37.17021,1620
24710,9.23852,3.02451,11.38343,452
24713,9.72022,3.48657,103.00466,4607
24714,9.75123,3.28556,114.51137,4911
24715,9.56848,3.27640,110.62811,4740
24716,9.66217,3.28089,118.66746,5106
24717,9.84383,3.40272,103.94792,4594
24718,9.58661,3.36198,111.14257,4889
24719,9.76424,3.34245,107.71277,4674
24720,9.55027,3.26299,61.17000,2600
24721,9.45794,3.11464,61.12502,2503
24722,9.27427,3.11382,59.47601,2468
24723,9.31605,3.10050,55.30621,2267
24724,8.87446,2.99063,17.22556,705
24725,8.85315,2.98420,17.75892,702
24726,9.05627,3.23734,15.10412,650
24727,9.16279,2.85180,13.05966,507
24728,9.38079,3.16691,14.58668,601
24729,9.55928,3.43765,13.27516,584
24730,9.45831,3.22016,34.92811,1456
24731,8.94605,3.01596,38.97301,1564
24732,9.42157,3.40388,32.69964,1458
24733,8.87685,2.82250,11.03405,411
24734,9.30095,3.30230,26.44843,1125
24736,9.22635,3.17042,43.35879,1782
24737,9.13046,3.09689,16.25245,676
24738,9.06332,3.12262,39.31706,1628
24739,9.22156,3.09468,34.44597,1404
24740,9.17696,2.94168,37.94058,1493
24741,9.37058,3.17873,35.13853,1464
24742,9.23837,3.06086,42.37209,1727
24743,9.07981,2.78024,37.84934,1438
24744,9.32457,3.19621,4.91340,213
24745,8.96984,3.10182,23.36186,951
24746,9.17300,2.98193,35.34017,1394
24747,8.97726,2.75283,20.37007,746
24748,9.40207,3.43919,4.58259,204
24753,7.91465,2.51635,0.74758,25
24755,9.21426,3.19057,12.76740,539
24756,8.70538,2.87162,15.06433,594
24758,9.37576,3.25654,15.31740,645
24759,8.76641,3.54950,2.96878,133
24766,9.09748,2.85812,35.30976,1363
24767,9.30366,3.07023,35.11296,1426
24768,9.22839,3.02475,34.19061,1355
24769,9.32411,2.83823,13.73828,528
24770,9.18305,2.97975,55.02225,2188
24772,9.09230,3.02395,37.80861,1526
24773,9.40758,3.01665,17.26199,676
24774,9.42425,3.15119,4.76855,197
24775,9.48424,3.16352,11.75866,480
24776,9.40642,3.05391,12.07261,487
24777,9.42007,2.99293,12.18790,470
24778,9.08648,3.08268,3.69747,151
24779,7.70352,2.82237,6.81706,257
24780,7.84004,3.04407,4.76067,188
24781,8.47771,3.36615,5.58933,245
24782,7.80469,2.98862,6.18719,247
24783,8.94170,3.31609,4.72076,202
24784,8.15023,3.00819,5.49486,221
24785,7.68424,2.99052,5.61170,216
24786,8.23114,2.87028,3.88261,153
24787,7.51914,2.57240,6.92299,248
24788,8.48821,3.60868,4.01172,182
24789,7.23830,3.00937,4.82369,199
24790,7.98272,3.44202,3.01311,134
24791,8.28494,2.76522,0.98523,37
24794,7.20346,2.69602,0.91551,34
24795,7.45369,2.99995,1.43846,54
24797,8.02321,3.01423,1.76650,71
24798,7.21123,2.92096,1.44187,52
24803,8.04856,2.97951,5.85609,224
24804,8.13798,2.82793,5.69245,211
24805,8.40693,2.83751,7.45066,282
24806,8.03125,2.68178,6.27283,229
24807,8.26986,3.50887,5.61493,255
24808,7.96602,3.35265,4.93366,218
24809,8.80479,3.03969,5.53325,217
24810,8.13724,3.60939,4.61171,213
24811,7.77923,2.48751,5.19211,175
24812,7.53690,3.14675,3.50896,141
24813,9.62700,4.45568,0.53479,28
24814,8.02045,3.02656,1.77401,72
24815,7.12622,3.46441,1.73673,75
24816,7.90764,3.25309,1.61113,67
24817,8.74174,3.93179,1.29371,62
24818,8.07026,3.04840,5.88846,250
24819,8.95676,3.43176,6.05431,265
24820,8.38514,3.21970,6.38944,267
24821,7.08746,1.86842,2.23402,63
24822,7.40035,2.09331,2.39549,72
24824,9.45824,3.26095,1.59467,65
24825,8.76489,3.20646,1.48810,61
24826,7.87750,3.80400,1.16216,57
24827,7.66264,2.50434,1.96644,73
24828,8.36917,3.67067,1.40863,66
24829,9.02034,2.94097,17.63500,691
24830,9.59005,3.16788,12.68852,518
24831,9.03128,2.92407,17.57433,680
24832,9.01932,3.11871,13.22395,534
24861,9.76487,3.36178,31.59101,1384
24862,10.01906,3.54164,27.56986,1251
24863,9.89691,3.48525,26.69287,1208
24864,9.84412,3.43948,40.31342,1780
24865,8.83273,3.40275,7.67524,339
24866,8.61447,3.39176,6.15812,275
24867,8.77176,3.55729,7.70597,357
24868,8.52520,3.47076,3.57235,168
24870,8.62423,3.56514,6.87954,320
24871,8.10234,3.54618,6.17182,285
24872,9.11217,4.25110,4.45653,231
24873,8.39408,3.44763,6.27815,288
24874,8.48850,3.48396,1.77433,79
24877,10.14422,3.91222,21.62540,1061
24878,10.41536,4.02060,132.38866,6630
24879,9.94546,3.61174,24.77111,1146
24880,9.85021,3.71192,154.51214,7328
24881,9.92548,3.79829,154.07446,7408
24882,9.49118,3.56396,77.03073,3510
24883,8.86691,3.23895,25.80485,1094
24886,9.88356,3.78522,64.52873,3086
24887,9.35479,3.51994,56.40401,2570
24888,9.54187,3.74835,66.30841,3171
24889,9.12607,3.36291,47.01576,2077
24890,8.90543,3.29525,20.10865,853
24893,9.08288,3.37976,21.66298,945
24894,8.63187,3.28101,25.66504,1122
24897,9.33252,3.65498,52.69903,2490
24898,9.27409,3.43628,141.86144,6361
24899,8.74935,3.27748,28.01660,1205
24902,9.52256,3.37389,29.83588,1314
24903,9.62887,3.62732,82.35090,3836
24907,9.35454,3.77155,157.88174,7666
24908,9.68219,3.95231,176.76940,8830
24909,8.63635,3.28503,61.69020,2674
24910,8.72282,3.43621,56.69910,2546
24913,9.72823,4.01861,180.53585,9132
24914,9.90724,4.05309,71.32219,3615
24915,9.66297,3.82619,116.78841,5731
24916,9.67800,3.98826,110.48204,5546
24917,8.91905,3.73207,11.08159,533
24920,8.94803,3.50554,99.22124,4589
24921,8.39316,3.29315,31.20277,1343
24924,9.11059,3.72215,95.14587,4570
24927,9.71123,3.90872,66.55131,3297
24928,9.62926,3.99308,193.58186,9746
24929,9.77694,3.94052,122.84206,6101
24930,8.58735,3.35491,58.29366,2604
24933,9.67314,4.04817,144.62912,7358
24934,9.41164,3.96999,130.63080,6598
24935,9.71602,3.98614,125.60039,6301
24938,9.57710,3.92039,178.32331,8853
24939,9.42968,3.87531,77.23634,3813
24943,9.45024,3.79472,206.71691,10047
24944,9.46815,3.88644,186.46431,9245
24945,9.54113,4.01271,127.20276,6411
24946,8.62843,3.31527,61.93231,2691
24947,8.67070,3.48314,55.48318,2505
24948,9.64630,3.93786,205.13202,10180
24949,9.61856,3.97748,182.53261,9176
24950,8.90384,3.52683,97.79950,4499
24951,8.21695,3.28299,37.62403,1659
24952,9.13721,3.71704,114.32499,5440
24953,9.50066,3.86654,204.24009,10039
24954,9.50598,3.95323,185.94284,9291
24955,8.54570,3.34249,59.72573,2637
24956,9.55992,3.94554,82.90156,4150
24957,9.44512,3.97219,71.19041,3578
24958,9.47330,3.89085,137.18033,6793
24959,9.50936,3.88874,146.58796,7256
24960,8.67653,3.90879,13.42493,671
24961,8.87066,3.78792,77.79728,3784
24962,8.77516,3.54610,76.38177,3530
24964,8.91789,3.57102,80.80396,3758
24965,8.09584,3.34982,28.80356,1258
24966,8.10740,3.43907,24.04050,1078
24969,9.01624,3.82815,91.11542,4470
24970,8.96086,3.80001,102.69818,5048
24971,8.91649,3.77465,96.90931,4728
24972,9.16432,3.87195,104.20521,5121
24974,8.27639,3.09974,36.19832,1487
24975,8.61488,3.30701,30.83105,1345
24981,8.78184,3.78340,62.70100,3069
24982,8.70537,3.63675,62.48834,2958
24985,8.97955,3.74748,102.09881,4957
24986,9.16097,3.96895,93.06365,4668
24987,9.01332,3.93746,89.96989,4516
24988,8.05500,3.21800,27.46302,1172
24991,8.91654,3.56993,82.55776,3852
24992,8.89687,3.63895,80.24067,3783
24994,9.17939,3.82694,82.49156,4011
24995,9.03770,3.71539,80.37167,3858
24998,8.74798,3.66376,85.95874,4083
24999,8.76259,3.53485,87.85860,4064
25000,8.39377,3.35133,26.63841,1164
25001,8.15404,3.20011,24.93138,1047
25002,8.13093,3.10512,33.99387,1418
25003,8.13130,3.46499,28.52680,1297
25004,8.79801,3.59678,68.94170,3220
25005,8.69436,3.48770,60.36035,2770
25006,8.90831,3.71803,78.74954,3793
25007,9.02372,3.63787,82.18187,3839
25008,8.72085,3.45046,10.85945,489
25010,10.55513,3.74493,1798.87664,85070
25011,10.57940,3.78965,1834.01980,87426
25012,9.71036,3.28608,581.62323,25003
25016,10.45271,3.67819,935.59631,43690
25017,10.56533,3.74164,1953.54516,92208
25018,10.58189,3.74120,807.52947,38111
25019,9.99536,3.49322,848.59035,38179
25020,9.47933,3.20267,273.07490,11451
25026,9.88921,3.38003,793.36312,34867
25027,9.91456,3.42575,745.27726,33084
25030,10.48183,3.71895,1924.68355,90678
25031,10.46847,3.75021,1087.18646,51498
25034,10.45791,3.70876,940.09689,44197
25035,9.61032,3.27769,516.10160,22257
25038,10.51294,3.68588,1243.37951,58072
25041,10.47239,3.64935,1293.19727,59941
25044,10.27305,3.70316,713.56461,33521
25045,10.23324,3.67185,766.05274,35830
25046,9.29689,3.12674,247.46598,10299
25049,10.24380,3.67076,742.86042,34734
25050,10.31176,3.75911,806.95646,38477
25051,10.30579,3.69821,482.88569,22719
25052,9.71087,3.47375,369.64346,16661
25053,9.21131,3.10388,115.90255,4744
25056,9.93893,3.54962,609.14545,27856
25059,10.19655,3.66496,806.96065,37690
25060,10.15220,3.66060,808.06284,37731
25061,10.23116,3.68104,828.11744,38842
25062,10.24992,3.64062,521.38534,24247
25063,10.42955,3.70795,264.69446,12450
25064,10.29647,3.71751,357.68242,16905
25065,10.16189,3.67895,773.15291,36262
25066,10.22384,3.69360,695.42807,32712
25067,10.15107,3.63128,701.08425,32571
25068,9.43656,3.19674,254.30515,10730
25069,10.29977,3.75101,752.69537,35764
25070,10.28972,3.70039,712.56735,33515
25071,10.26724,3.69409,832.49858,39105
25072,9.79798,3.48261,351.74141,15853
25073,9.16480,3.15043,120.58008,5017
25074,9.92498,3.54194,355.99710,16295
25076,9.33647,3.33747,170.68615,7493
25077,9.37166,3.36320,162.00599,7153
25078,9.40464,3.51601,172.17339,7882
25079,9.04406,3.21091,75.95246,3219
25080,8.82144,3.02236,79.54406,3248
25083,9.39313,3.27385,142.14125,6187
25084,9.52842,3.45496,283.18227,12739
25085,9.54430,3.41230,170.83622,7629
25086,9.66029,3.54282,232.53984,10628
25087,9.19166,3.40075,55.88488,2451
25088,8.76553,3.01439,65.12562,2629
25091,9.43606,3.49468,26.01220,1186
25092,9.49566,3.53512,148.58316,6804
25093,9.58933,3.49566,160.15263,7236
25096,9.88557,3.70547,307.13998,14494
25097,9.85600,3.64816,301.92268,14135
25098,9.84429,3.55559,331.16968,15162
25099,9.22809,3.29719,97.57265,4210
25102,10.04849,3.67922,373.03209,17503
25103,10.08495,3.71432,273.99229,12948
25104,10.00143,3.66922,255.27654,11972
25105,10.04923,3.72228,276.17925,13076
25108,9.57918,3.49796,245.10773,11174
25109,9.77133,3.66699,249.91960,11731
25110,9.76488,3.69236,255.01558,12027
25111,8.96385,3.15341,109.39192,4615
25112,8.97454,3.17208,105.64957,4477
25114,10.01952,3.68705,366.78441,17286
25115,9.99682,3.67656,373.91393,17602
25116,9.98147,3.66882,359.09396,16857
25117,9.01645,3.20137,99.33471,4231
25119,9.13060,3.19547,113.69157,4808
25120,9.49959,3.42992,158.45730,7070
25121,9.46826,3.49411,168.23264,7623
25122,9.43673,3.22245,664.43340,28183
25123,9.50633,3.19346,520.90826,21919
25124,9.11546,3.05666,309.64856,12551
25126,9.43967,3.31987,20.83039,901
25127,9.25946,3.12615,352.19371,14545
25128,9.25158,3.03976,344.03640,13889
25129,9.23342,3.09178,383.64122,15722
25130,9.35761,3.16931,7.58660,307
25131,9.06604,2.90566,144.39454,5580
25134,9.25202,3.07292,166.99500,6744
25135,9.14431,3.05135,171.70810,6949
25138,9.69004,3.37717,820.66685,36227
25139,9.95503,3.50794,1021.10408,46238
25140,9.97906,3.52455,1080.17067,49056
25141,9.30161,3.15636,412.09496,17207
25146,9.35548,3.17775,362.84770,15125
25147,9.45523,3.23580,92.24456,3898
25148,9.33412,3.16897,300.75912,12569
25149,9.40188,3.22714,284.07563,12039
25150,9.37788,3.22775,418.00550,17779
25151,9.00898,3.01248,136.49927,5472
25154,9.14905,3.01005,169.62661,6811
25157,9.44401,3.24789,197.57590,8447
25158,9.44475,3.28836,336.77084,14434
25162,9.45017,3.27699,600.98707,25763
25163,9.52149,3.25052,357.57440,15221
25164,9.41026,3.09845,367.02794,15108
25165,9.59944,3.34085,398.56825,17358
25166,9.57136,3.31467,341.69588,14783
25167,9.40701,3.20303,349.24873,14714
25168,9.38431,3.26165,399.51964,17067
25169,9.30007,3.13022,338.33640,14063
25170,8.89858,2.96311,136.22670,5385
25171,9.14250,3.08815,156.16714,6418
25181,9.55250,3.43756,402.30952,17943
25182,9.53961,3.44593,331.71897,14919
25183,9.50237,3.41456,315.48614,14064
25184,8.92354,3.09573,140.88405,5786
25185,8.92156,3.13963,126.66669,5281
25187,9.01889,3.12107,131.54178,5388
25189,9.20030,3.32856,178.79918,7785
25190,9.07743,3.20183,179.50462,7577
25192,9.94624,3.69928,565.51525,26704
25193,9.88655,3.62741,485.74919,22629
25194,9.92867,3.63143,562.45003,26203
25195,9.73436,3.52130,387.90637,17683
25196,9.79911,3.53953,316.66790,14460
25197,9.82721,3.58270,346.78270,15982
25198,9.86193,3.55915,378.24965,17311
25200,9.82620,3.65487,533.20475,24993
25201,9.81797,3.62877,620.76106,28929
25202,9.06547,3.20826,184.00716,7776
25203,9.41962,3.35542,483.67452,21243
25204,8.92301,3.11460,122.82042,5083
25205,9.35535,3.51117,241.42003,11054
25206,9.47943,3.61506,236.21052,11020
25207,9.42483,3.68749,253.48703,12028
25208,9.21066,3.50706,213.18239,9799
25210,8.58835,3.01294,75.91404,3067
25211,8.55918,3.05560,77.96308,3208
25214,9.42387,3.60809,197.91967,9245
25217,9.32145,3.54811,244.04655,11278
25218,9.32496,3.59133,264.77773,12382
25219,9.31635,3.52476,273.04664,12612
25220,8.57191,3.14335,80.50493,3366
25221,8.65197,3.11990,74.18726,3088
25222,9.46451,3.61225,221.52905,10322
25227,8.82000,3.30816,49.54268,2123
25228,8.68739,3.32128,40.93317,1776
25229,8.03816,2.96974,17.85679,700
25230,8.42504,3.13952,15.07560,613
25233,8.18709,3.06824,19.13655,773
25234,8.09039,2.79461,20.90717,797
25235,8.13149,2.89693,22.93165,885
25236,8.18963,3.04934,9.60684,378
25237,8.30256,2.52732,11.20404,386
25240,8.38117,3.44035,7.01642,303
25241,8.89863,2.82915,7.91601,295
25247,8.23331,2.92549,24.95228,976
25248,8.22072,3.04220,25.23733,1013
25249,8.65898,2.95534,10.29059,404
25251,8.55818,3.13751,13.47243,548
25252,9.08870,3.35411,10.91259,470
25255,9.03748,3.57237,168.43794,7841
25256,9.05098,3.63249,119.73541,5644
25257,9.15349,3.65173,96.75127,4576
25258,8.36243,3.16471,87.37217,3677
25259,8.57190,3.24673,82.00033,3479
25262,8.47198,3.24517,98.99092,4269
25263,8.50065,3.15181,107.55109,4545
25264,8.51373,3.17464,95.12415,3993
25265,8.19788,3.03704,39.60613,1587
25266,8.12626,2.97761,39.27083,1564
25269,8.18234,3.11352,28.27008,1156
25272,8.57147,3.35775,105.22589,4675
25273,8.68695,3.24628,117.10650,5054
25275,8.55385,3.26662,65.76012,2866
25276,8.68272,3.30454,64.86929,2832
25277,8.59893,3.28313,63.92365,2767
25279,8.06012,2.93485,29.64449,1171
25280,8.74822,3.80346,137.98033,6743
25281,8.83337,3.67868,136.80429,6547
25282,8.10598,3.20364,43.83071,1858
25283,8.06955,3.26835,41.94165,1804
25286,8.88164,3.73965,151.92554,7345
25287,9.04542,3.86639,128.22194,6344
25288,8.79295,3.61217,100.85903,4742
25289,8.34720,3.26171,52.63976,2263
25290,8.47166,3.56941,44.44838,2030
25293,8.54666,3.35591,69.08734,3055
25295,8.87372,3.79239,164.07524,7985
25296,8.71174,3.58047,156.21183,7324
25298,8.78738,3.64849,130.30326,6237
25299,8.96962,3.81035,34.67465,1705
25300,9.09388,3.92493,141.99895,7060
25301,8.84283,3.60356,102.03019,4765
25303,7.88686,3.09294,24.90658,1016
25305,8.11556,3.21690,40.45972,1698
25306,7.97022,3.04668,18.86604,775
25309,8.82788,3.65034,138.24329,6524
25310,8.83036,3.81302,35.83408,1760
25311,8.78614,3.61777,92.70781,4364
25312,8.20408,3.27575,43.59598,1895
25313,8.08385,3.14015,46.26151,1940
25314,8.75132,3.60909,59.09911,2791
25315,9.01035,3.76104,134.74979,6492
25316,8.27452,3.45914,43.10861,1938
25317,8.65588,3.54239,65.35526,2979
25318,8.48264,3.51413,70.96351,3254
25319,8.40902,3.72456,66.19248,3182
25320,8.25290,3.26172,22.29379,971
25321,8.31728,3.71578,32.49598,1566
25322,7.85103,2.89863,26.96185,1050
25323,7.98641,3.18033,24.64836,1053
25328,8.61135,3.70154,76.48649,3652
25329,8.80314,3.86166,82.30622,4063
25330,8.54842,3.64911,69.34395,3307
25331,8.52122,3.60821,92.17771,4347
25333,8.23143,3.47686,25.23074,1138
25334,8.07779,3.31079,24.82107,1086
25336,8.23409,3.64784,45.01816,2106
25337,7.81961,3.43783,32.23471,1448
25338,8.40210,3.43452,31.16643,1389
25340,8.21962,3.37601,45.80571,2057
25341,8.15952,3.27069,26.58439,1169
25342,8.22356,3.38170,35.58541,1582
25343,8.61480,3.67340,35.80515,1671
25344,8.33739,3.42139,72.99947,3284
25345,8.33783,3.55238,39.85711,1845
25356,8.23485,3.23699,85.30314,3671
25357,8.35371,3.28926,84.01121,3603
25358,8.37049,3.35265,77.07732,3370
25359,8.12480,3.27566,32.57952,1393
25360,8.08738,3.01955,34.12092,1368
25363,8.40998,3.40381,136.77062,6106
25364,8.49827,3.48417,164.66299,7492
25365,7.89162,3.00743,60.83777,2457
25366,8.34259,3.34263,28.74473,1235
25368,7.93377,3.00656,24.96407,1002
25370,8.77417,3.69962,2.98568,137
25371,8.06968,3.26997,94.42171,4077
25372,8.58297,3.64486,108.19589,5032
25374,8.23991,3.35438,95.55191,4228
25375,8.37367,3.42018,60.20579,2717
25376,8.22480,3.31042,60.88035,2658
25379,9.03680,3.74420,153.67246,7372
25380,8.32338,3.47797,87.97724,3968
25381,8.43119,3.32931,107.39130,4694
25382,7.90091,3.09952,33.87163,1385
25383,7.84671,3.07243,28.93917,1182
25384,7.81238,2.98735,12.48682,505
25385,7.61161,2.83514,39.51671,1510
25386,7.74303,2.93307,36.44554,1413
25387,7.67960,3.03022,30.93475,1220
25388,7.94968,2.67106,14.55181,506
25389,7.72917,3.02467,11.56026,452
25394,8.13124,2.83020,10.21089,384
25395,7.89868,3.22067,7.41473,300
25423,8.85454,3.10858,80.44791,3269
25424,8.80391,3.09993,69.43904,2824
25425,8.94222,3.10048,75.06282,3064
25426,8.81577,2.89888,75.24978,2929
25427,8.72739,2.89200,77.01951,2979
25428,8.83713,2.91354,96.77725,3791
25429,8.60148,2.91097,23.26747,895
25430,8.93566,3.04776,21.70230,864
25432,8.76023,2.94414,23.07701,892
25433,8.34538,2.54497,18.27203,652
25434,9.06243,3.13236,200.74869,8317
25435,9.12609,3.15775,199.37531,8268
25436,9.13529,3.11803,221.39855,9124
25437,9.20933,3.15888,215.57799,8915
25438,8.69812,3.02940,62.52876,2543
25439,8.67383,2.71848,57.37190,2121
25440,8.82002,2.99070,42.69807,1705
25441,8.87112,3.12227,59.46290,2446
25442,9.12867,3.20180,221.13984,9341
25443,9.95378,3.65829,570.55354,26674
25444,9.90979,3.58561,487.77856,22502
25445,9.97957,3.66050,582.51570,27237
25446,9.09702,3.20289,177.35880,7522
25447,9.21655,3.26477,104.52018,4486
25448,9.60158,3.47915,369.77117,16730
25449,9.75501,3.54046,433.96640,19808
25450,9.81027,3.51113,343.50428,15481
25451,9.13119,3.19341,131.41143,5532
25452,9.13331,3.12041,135.21389,5577
25453,9.32982,3.27768,181.33222,7769
25459,9.95235,3.56491,20.94406,954
25462,9.02945,3.29312,16.84668,720
25463,8.30708,2.45287,8.70250,297
25464,7.73268,2.45325,1.19902,38
25466,8.33154,3.34017,2.71379,117
25468,8.53966,3.75262,6.87064,335
25469,8.10743,3.50071,2.59524,115
25474,8.14370,3.15392,4.70282,193
25484,9.93126,3.64817,441.58694,20618
25485,9.91116,3.65000,561.71564,26257
25486,9.98491,3.67259,562.90673,26354
25487,9.94188,3.61809,554.08839,25706
25488,9.89520,3.61465,591.77325,27547
25489,9.26703,3.29241,200.98648,8671
25490,9.24004,3.23981,150.52328,6410
25491,9.66263,3.48049,449.60551,20279
25492,9.68628,3.44245,432.92609,19336
25493,9.67268,3.51800,411.06356,18662
25494,9.58155,3.44402,343.76918,15409
25495,9.64044,3.50874,474.57130,21487
25496,8.83105,2.97718,137.44913,5489
25497,9.12379,3.28266,132.52721,5678
25498,9.16368,3.21249,192.79870,8198
25499,9.73173,3.71771,503.88055,23952
25500,9.59603,3.65872,472.07757,22212
25501,9.52355,3.53106,536.73311,24651
25502,9.56555,3.55469,524.56718,24191
25503,9.66470,3.70751,500.36608,23741
25504,8.93485,3.29636,159.16056,6859
25505,8.93630,3.18773,161.96125,6823
25506,9.69041,3.65860,569.20137,26760
25507,9.76883,3.68208,636.36315,30050
25508,9.68280,3.66105,573.97740,26989
25509,9.72804,3.69986,557.27581,26390
25510,9.62077,3.56491,201.73984,9278
25511,9.62844,3.59199,363.36139,16866
25512,8.86160,3.19086,181.89460,7717
25513,8.84358,3.07274,182.02656,7475
25514,8.98288,3.24507,172.13213,7329
25515,9.65663,3.79337,52.14183,2508
25516,9.34587,3.45012,397.59569,17908
25517,9.40844,3.48197,431.60129,19520
25518,9.47389,3.56717,474.31774,21915
25519,9.44140,3.58558,441.57559,20452
25520,9.43066,3.57131,484.36250,22368
25532,9.82445,3.71043,540.60397,25645
25533,9.71190,3.62573,323.36910,15065
25534,9.73292,3.60498,424.57934,19691
25536,9.67868,3.63477,141.45367,6606
25538,9.76178,3.72703,502.40565,23917
25539,8.64425,3.67968,238.85188,11384
25540,8.86391,3.69253,253.59968,12069
25541,8.62333,3.56136,242.65805,11311
25542,8.86973,3.74865,272.47883,13123
25543,8.57134,3.54428,272.09590,12594
25544,8.65215,3.67084,254.79666,12107
25545,8.69563,3.60181,209.04237,9806
25546,8.53941,3.63972,262.70073,12430
25547,8.64463,3.61956,284.55593,13398
25548,8.70056,3.60002,149.74565,7025
